CellCenters:0,CellCenters:1,CellCenters:2
0.05,0.5,258.49
0.05,0.5,258.45
0.05,0.5,258.4
0.05,0.5,258.35
0.05,0.5,258.29
0.05,0.5,258.24
0.05,0.5,258.2
0.05,0.5,258.15
0.05,0.5,258.1
0.05,0.5,258.04
0.05,0.5,257.99
0.05,0.5,257.95
0.05,0.5,257.9
0.05,0.5,257.85
0.05,0.5,257.79
0.05,0.5,257.74
0.05,0.5,257.7
0.05,0.5,257.65
0.05,0.5,257.6
0.05,0.5,257.54
0.05,0.5,257.49
0.05,0.5,257.45
0.05,0.5,257.4
0.05,0.5,257.35
0.05,0.5,257.29
0.05,0.5,257.24
0.05,0.5,257.2
0.05,0.5,257.15
0.05,0.5,257.1
0.05,0.5,257.04
0.05,0.5,256.99
0.05,0.5,256.95
0.05,0.5,256.9
0.05,0.5,256.85
0.05,0.5,256.79
0.05,0.5,256.74
0.05,0.5,256.7
0.05,0.5,256.65
0.05,0.5,256.6
0.05,0.5,256.54
0.05,0.5,256.49
0.05,0.5,256.45
0.05,0.5,256.4
0.05,0.5,256.35
0.05,0.5,256.29
0.05,0.5,256.24
0.05,0.5,256.2
0.05,0.5,256.15
0.05,0.5,256.1
0.05,0.5,256.04
0.05,0.5,255.87
0.05,0.5,255.32
0.05,0.5,254.27
0.05,0.5,252.72
0.05,0.5,250.67
0.05,0.5,248.12
0.05,0.5,245.07
0.05,0.5,241.52
0.15,0.5,258.49
0.15,0.5,258.45
0.15,0.5,258.4
0.15,0.5,258.35
0.15,0.5,258.29
0.15,0.5,258.24
0.15,0.5,258.2
0.15,0.5,258.15
0.15,0.5,258.1
0.15,0.5,258.04
0.25,0.5,258.49
0.25,0.5,258.45
0.25,0.5,258.4
0.25,0.5,258.35
0.25,0.5,258.29
0.25,0.5,258.24
0.25,0.5,258.2
0.25,0.5,258.15
0.25,0.5,258.1
0.25,0.5,258.04
0.15,0.5,257.99
0.15,0.5,257.95
0.15,0.5,257.9
0.15,0.5,257.85
0.15,0.5,257.79
0.15,0.5,257.74
0.15,0.5,257.7
0.15,0.5,257.65
0.15,0.5,257.6
0.15,0.5,257.54
0.15,0.5,257.49
0.15,0.5,257.45
0.15,0.5,257.4
0.15,0.5,257.35
0.15,0.5,257.29
0.15,0.5,257.24
0.15,0.5,257.2
0.15,0.5,257.15
0.15,0.5,257.1
0.15,0.5,257.04
0.15,0.5,256.99
0.15,0.5,256.95
0.15,0.5,256.9
0.15,0.5,256.85
0.15,0.5,256.79
0.15,0.5,256.74
0.15,0.5,256.7
0.15,0.5,256.65
0.15,0.5,256.6
0.15,0.5,256.54
0.15,0.5,256.49
0.15,0.5,256.45
0.15,0.5,256.4
0.15,0.5,256.35
0.15,0.5,256.29
0.15,0.5,256.24
0.15,0.5,256.2
0.15,0.5,256.15
0.15,0.5,256.1
0.15,0.5,256.04
0.15,0.5,255.87
0.15,0.5,255.32
0.15,0.5,254.27
0.15,0.5,252.72
0.15,0.5,250.67
0.15,0.5,248.12
0.15,0.5,245.07
0.15,0.5,241.52
0.25,0.5,257.99
0.25,0.5,257.95
0.25,0.5,257.9
0.25,0.5,257.85
0.25,0.5,257.79
0.25,0.5,257.74
0.25,0.5,257.7
0.25,0.5,257.65
0.25,0.5,257.6
0.25,0.5,257.54
0.25,0.5,257.49
0.25,0.5,257.45
0.25,0.5,257.4
0.25,0.5,257.35
0.25,0.5,257.29
0.25,0.5,257.24
0.25,0.5,257.2
0.25,0.5,257.15
0.25,0.5,257.1
0.25,0.5,257.04
0.25,0.5,256.99
0.25,0.5,256.95
0.25,0.5,256.9
0.25,0.5,256.85
0.25,0.5,256.79
0.25,0.5,256.74
0.25,0.5,256.7
0.25,0.5,256.65
0.25,0.5,256.6
0.25,0.5,256.54
0.25,0.5,256.49
0.25,0.5,256.45
0.25,0.5,256.4
0.25,0.5,256.35
0.25,0.5,256.29
0.25,0.5,256.24
0.25,0.5,256.2
0.25,0.5,256.15
0.25,0.5,256.1
0.25,0.5,256.04
0.25,0.5,255.87
0.25,0.5,255.32
0.25,0.5,254.27
0.25,0.5,252.72
0.25,0.5,250.67
0.25,0.5,248.12
0.25,0.5,245.07
0.25,0.5,241.52
0.35,0.5,258.49
0.35,0.5,258.45
0.35,0.5,258.4
0.35,0.5,258.35
0.35,0.5,258.29
0.35,0.5,258.24
0.35,0.5,258.2
0.35,0.5,258.15
0.35,0.5,258.1
0.35,0.5,258.04
0.45,0.5,258.49
0.45,0.5,258.45
0.45,0.5,258.4
0.45,0.5,258.35
0.45,0.5,258.29
0.45,0.5,258.24
0.45,0.5,258.2
0.45,0.5,258.15
0.45,0.5,258.1
0.45,0.5,258.04
0.35,0.5,257.99
0.35,0.5,257.95
0.35,0.5,257.9
0.35,0.5,257.85
0.35,0.5,257.79
0.35,0.5,257.74
0.35,0.5,257.7
0.35,0.5,257.65
0.35,0.5,257.6
0.35,0.5,257.54
0.35,0.5,257.49
0.35,0.5,257.45
0.35,0.5,257.4
0.35,0.5,257.35
0.35,0.5,257.29
0.35,0.5,257.24
0.35,0.5,257.2
0.35,0.5,257.15
0.35,0.5,257.1
0.35,0.5,257.04
0.35,0.5,256.99
0.35,0.5,256.95
0.35,0.5,256.9
0.35,0.5,256.85
0.35,0.5,256.79
0.35,0.5,256.74
0.35,0.5,256.7
0.35,0.5,256.65
0.35,0.5,256.6
0.35,0.5,256.54
0.35,0.5,256.49
0.35,0.5,256.45
0.35,0.5,256.4
0.35,0.5,256.35
0.35,0.5,256.29
0.35,0.5,256.24
0.35,0.5,256.2
0.35,0.5,256.15
0.35,0.5,256.1
0.35,0.5,256.04
0.35,0.5,255.87
0.35,0.5,255.32
0.35,0.5,254.27
0.35,0.5,252.72
0.35,0.5,250.67
0.35,0.5,248.12
0.35,0.5,245.07
0.35,0.5,241.52
0.45,0.5,257.99
0.45,0.5,257.95
0.45,0.5,257.9
0.45,0.5,257.85
0.45,0.5,257.79
0.45,0.5,257.74
0.45,0.5,257.7
0.45,0.5,257.65
0.45,0.5,257.6
0.45,0.5,257.54
0.45,0.5,257.49
0.45,0.5,257.45
0.45,0.5,257.4
0.45,0.5,257.35
0.45,0.5,257.29
0.45,0.5,257.24
0.45,0.5,257.2
0.45,0.5,257.15
0.45,0.5,257.1
0.45,0.5,257.04
0.45,0.5,256.99
0.45,0.5,256.95
0.45,0.5,256.9
0.45,0.5,256.85
0.45,0.5,256.79
0.45,0.5,256.74
0.45,0.5,256.7
0.45,0.5,256.65
0.45,0.5,256.6
0.45,0.5,256.54
0.45,0.5,256.49
0.45,0.5,256.45
0.45,0.5,256.4
0.45,0.5,256.35
0.45,0.5,256.29
0.45,0.5,256.24
0.45,0.5,256.2
0.45,0.5,256.15
0.45,0.5,256.1
0.45,0.5,256.04
0.45,0.5,255.87
0.45,0.5,255.32
0.45,0.5,254.27
0.45,0.5,252.72
0.45,0.5,250.67
0.45,0.5,248.12
0.45,0.5,245.07
0.45,0.5,241.52
0.55,0.5,258.49
0.55,0.5,258.45
0.55,0.5,258.4
0.55,0.5,258.35
0.55,0.5,258.29
0.55,0.5,258.24
0.55,0.5,258.2
0.55,0.5,258.15
0.55,0.5,258.1
0.55,0.5,258.04
0.65,0.5,258.49
0.65,0.5,258.45
0.65,0.5,258.4
0.65,0.5,258.35
0.65,0.5,258.29
0.65,0.5,258.24
0.65,0.5,258.2
0.65,0.5,258.15
0.65,0.5,258.1
0.65,0.5,258.04
0.55,0.5,257.99
0.55,0.5,257.95
0.55,0.5,257.9
0.55,0.5,257.85
0.55,0.5,257.79
0.55,0.5,257.74
0.55,0.5,257.7
0.55,0.5,257.65
0.55,0.5,257.6
0.55,0.5,257.54
0.55,0.5,257.49
0.55,0.5,257.45
0.55,0.5,257.4
0.55,0.5,257.35
0.55,0.5,257.29
0.55,0.5,257.24
0.55,0.5,257.2
0.55,0.5,257.15
0.55,0.5,257.1
0.55,0.5,257.04
0.55,0.5,256.99
0.55,0.5,256.95
0.55,0.5,256.9
0.55,0.5,256.85
0.55,0.5,256.79
0.55,0.5,256.74
0.55,0.5,256.7
0.55,0.5,256.65
0.55,0.5,256.6
0.55,0.5,256.54
0.55,0.5,256.49
0.55,0.5,256.45
0.55,0.5,256.4
0.55,0.5,256.35
0.55,0.5,256.29
0.55,0.5,256.24
0.55,0.5,256.2
0.55,0.5,256.15
0.55,0.5,256.1
0.55,0.5,256.04
0.55,0.5,255.87
0.55,0.5,255.32
0.55,0.5,254.27
0.55,0.5,252.72
0.55,0.5,250.67
0.55,0.5,248.12
0.55,0.5,245.07
0.55,0.5,241.52
0.65,0.5,257.99
0.65,0.5,257.95
0.65,0.5,257.9
0.65,0.5,257.85
0.65,0.5,257.79
0.65,0.5,257.74
0.65,0.5,257.7
0.65,0.5,257.65
0.65,0.5,257.6
0.65,0.5,257.54
0.65,0.5,257.49
0.65,0.5,257.45
0.65,0.5,257.4
0.65,0.5,257.35
0.65,0.5,257.29
0.65,0.5,257.24
0.65,0.5,257.2
0.65,0.5,257.15
0.65,0.5,257.1
0.65,0.5,257.04
0.65,0.5,256.99
0.65,0.5,256.95
0.65,0.5,256.9
0.65,0.5,256.85
0.65,0.5,256.79
0.65,0.5,256.74
0.65,0.5,256.7
0.65,0.5,256.65
0.65,0.5,256.6
0.65,0.5,256.54
0.65,0.5,256.49
0.65,0.5,256.45
0.65,0.5,256.4
0.65,0.5,256.35
0.65,0.5,256.29
0.65,0.5,256.24
0.65,0.5,256.2
0.65,0.5,256.15
0.65,0.5,256.1
0.65,0.5,256.04
0.65,0.5,255.87
0.65,0.5,255.32
0.65,0.5,254.27
0.65,0.5,252.72
0.65,0.5,250.67
0.65,0.5,248.12
0.65,0.5,245.07
0.65,0.5,241.52
0.75,0.5,258.49
0.75,0.5,258.45
0.75,0.5,258.4
0.75,0.5,258.35
0.75,0.5,258.29
0.75,0.5,258.24
0.75,0.5,258.2
0.75,0.5,258.15
0.75,0.5,258.1
0.75,0.5,258.04
0.85,0.5,258.49
0.85,0.5,258.45
0.85,0.5,258.4
0.85,0.5,258.35
0.85,0.5,258.29
0.85,0.5,258.24
0.85,0.5,258.2
0.85,0.5,258.15
0.85,0.5,258.1
0.85,0.5,258.04
0.75,0.5,257.99
0.75,0.5,257.95
0.75,0.5,257.9
0.75,0.5,257.85
0.75,0.5,257.79
0.75,0.5,257.74
0.75,0.5,257.7
0.75,0.5,257.65
0.75,0.5,257.6
0.75,0.5,257.54
0.75,0.5,257.49
0.75,0.5,257.45
0.75,0.5,257.4
0.75,0.5,257.35
0.75,0.5,257.29
0.75,0.5,257.24
0.75,0.5,257.2
0.75,0.5,257.15
0.75,0.5,257.1
0.75,0.5,257.04
0.75,0.5,256.99
0.75,0.5,256.95
0.75,0.5,256.9
0.75,0.5,256.85
0.75,0.5,256.79
0.75,0.5,256.74
0.75,0.5,256.7
0.75,0.5,256.65
0.75,0.5,256.6
0.75,0.5,256.54
0.75,0.5,256.49
0.75,0.5,256.45
0.75,0.5,256.4
0.75,0.5,256.35
0.75,0.5,256.29
0.75,0.5,256.24
0.75,0.5,256.2
0.75,0.5,256.15
0.75,0.5,256.1
0.75,0.5,256.04
0.75,0.5,255.87
0.75,0.5,255.32
0.75,0.5,254.27
0.75,0.5,252.72
0.75,0.5,250.67
0.75,0.5,248.12
0.75,0.5,245.07
0.75,0.5,241.52
0.85,0.5,257.99
0.85,0.5,257.95
0.85,0.5,257.9
0.85,0.5,257.85
0.85,0.5,257.79
0.85,0.5,257.74
0.85,0.5,257.7
0.85,0.5,257.65
0.85,0.5,257.6
0.85,0.5,257.54
0.85,0.5,257.49
0.85,0.5,257.45
0.85,0.5,257.4
0.85,0.5,257.35
0.85,0.5,257.29
0.85,0.5,257.24
0.85,0.5,257.2
0.85,0.5,257.15
0.85,0.5,257.1
0.85,0.5,257.04
0.85,0.5,256.99
0.85,0.5,256.95
0.85,0.5,256.9
0.85,0.5,256.85
0.85,0.5,256.79
0.85,0.5,256.74
0.85,0.5,256.7
0.85,0.5,256.65
0.85,0.5,256.6
0.85,0.5,256.54
0.85,0.5,256.49
0.85,0.5,256.45
0.85,0.5,256.4
0.85,0.5,256.35
0.85,0.5,256.29
0.85,0.5,256.24
0.85,0.5,256.2
0.85,0.5,256.15
0.85,0.5,256.1
0.85,0.5,256.04
0.85,0.5,255.87
0.85,0.5,255.32
0.85,0.5,254.27
0.85,0.5,252.72
0.85,0.5,250.67
0.85,0.5,248.12
0.85,0.5,245.07
0.85,0.5,241.52
0.95,0.5,258.5
0.95,0.5,258.45
0.95,0.5,258.4
0.95,0.5,258.35
0.95,0.5,258.3
0.95,0.5,258.25
0.95,0.5,258.2
0.95,0.5,258.15
0.95,0.5,258.1
0.95,0.5,258.05
1.05,0.5,258.54
1.05,0.5,258.49
1.05,0.5,258.44
1.05,0.5,258.39
1.05,0.5,258.34
1.05,0.5,258.29
1.05,0.5,258.24
1.05,0.5,258.19
1.05,0.5,258.14
1.05,0.5,258.09
0.95,0.5,258
0.95,0.5,257.95
0.95,0.5,257.9
0.95,0.5,257.85
0.95,0.5,257.8
0.95,0.5,257.75
0.95,0.5,257.7
0.95,0.5,257.65
0.95,0.5,257.6
0.95,0.5,257.55
0.95,0.5,257.5
0.95,0.5,257.45
0.95,0.5,257.4
0.95,0.5,257.35
0.95,0.5,257.3
0.95,0.5,257.25
0.95,0.5,257.2
0.95,0.5,257.15
0.95,0.5,257.1
0.95,0.5,257.05
0.95,0.5,257
0.95,0.5,256.95
0.95,0.5,256.9
0.95,0.5,256.85
0.95,0.5,256.8
0.95,0.5,256.75
0.95,0.5,256.7
0.95,0.5,256.65
0.95,0.5,256.6
0.95,0.5,256.55
0.95,0.5,256.5
0.95,0.5,256.45
0.95,0.5,256.4
0.95,0.5,256.35
0.95,0.5,256.3
0.95,0.5,256.25
0.95,0.5,256.2
0.95,0.5,256.15
0.95,0.5,256.1
0.95,0.5,256.05
0.95,0.5,255.87
0.95,0.5,255.32
0.95,0.5,254.27
0.95,0.5,252.72
0.95,0.5,250.67
0.95,0.5,248.12
0.95,0.5,245.07
0.95,0.5,241.52
1.05,0.5,258.04
1.05,0.5,257.99
1.05,0.5,257.94
1.05,0.5,257.89
1.05,0.5,257.84
1.05,0.5,257.79
1.05,0.5,257.74
1.05,0.5,257.69
1.05,0.5,257.64
1.05,0.5,257.59
1.05,0.5,257.54
1.05,0.5,257.49
1.05,0.5,257.44
1.05,0.5,257.39
1.05,0.5,257.34
1.05,0.5,257.29
1.05,0.5,257.24
1.05,0.5,257.19
1.05,0.5,257.14
1.05,0.5,257.09
1.05,0.5,257.04
1.05,0.5,256.99
1.05,0.5,256.94
1.05,0.5,256.89
1.05,0.5,256.84
1.05,0.5,256.79
1.05,0.5,256.74
1.05,0.5,256.69
1.05,0.5,256.64
1.05,0.5,256.59
1.05,0.5,256.54
1.05,0.5,256.49
1.05,0.5,256.44
1.05,0.5,256.39
1.05,0.5,256.34
1.05,0.5,256.29
1.05,0.5,256.24
1.05,0.5,256.19
1.05,0.5,256.14
1.05,0.5,256.09
1.05,0.5,255.92
1.05,0.5,255.37
1.05,0.5,254.32
1.05,0.5,252.77
1.05,0.5,250.72
1.05,0.5,248.17
1.05,0.5,245.12
1.05,0.5,241.57
1.15,0.5,258.64
1.15,0.5,258.59
1.15,0.5,258.54
1.15,0.5,258.49
1.15,0.5,258.44
1.15,0.5,258.39
1.15,0.5,258.34
1.15,0.5,258.29
1.15,0.5,258.24
1.15,0.5,258.19
1.15,0.5,258.14
1.15,0.5,258.09
1.25,0.5,258.73
1.25,0.5,258.68
1.25,0.5,258.63
1.25,0.5,258.58
1.25,0.5,258.53
1.25,0.5,258.48
1.25,0.5,258.43
1.25,0.5,258.38
1.25,0.5,258.33
1.25,0.5,258.28
1.25,0.5,258.23
1.25,0.5,258.18
1.25,0.5,258.13
1.25,0.5,258.08
1.15,0.5,258.04
1.15,0.5,257.99
1.15,0.5,257.94
1.15,0.5,257.89
1.15,0.5,257.84
1.15,0.5,257.79
1.15,0.5,257.74
1.15,0.5,257.69
1.15,0.5,257.64
1.15,0.5,257.59
1.15,0.5,257.54
1.15,0.5,257.49
1.15,0.5,257.44
1.15,0.5,257.39
1.15,0.5,257.34
1.15,0.5,257.29
1.15,0.5,257.24
1.15,0.5,257.19
1.15,0.5,257.14
1.15,0.5,257.09
1.15,0.5,257.04
1.15,0.5,256.99
1.15,0.5,256.94
1.15,0.5,256.89
1.15,0.5,256.84
1.15,0.5,256.79
1.15,0.5,256.74
1.15,0.5,256.69
1.15,0.5,256.64
1.15,0.5,256.59
1.15,0.5,256.54
1.15,0.5,256.49
1.15,0.5,256.44
1.15,0.5,256.39
1.15,0.5,256.34
1.15,0.5,256.29
1.15,0.5,256.24
1.15,0.5,256.19
1.15,0.5,256.01
1.15,0.5,255.46
1.15,0.5,254.41
1.15,0.5,252.86
1.15,0.5,250.81
1.15,0.5,248.26
1.15,0.5,245.21
1.15,0.5,241.66
1.25,0.5,258.03
1.25,0.5,257.98
1.25,0.5,257.93
1.25,0.5,257.88
1.25,0.5,257.83
1.25,0.5,257.78
1.25,0.5,257.73
1.25,0.5,257.68
1.25,0.5,257.63
1.25,0.5,257.58
1.25,0.5,257.53
1.25,0.5,257.48
1.25,0.5,257.43
1.25,0.5,257.38
1.25,0.5,257.33
1.25,0.5,257.28
1.25,0.5,257.23
1.25,0.5,257.18
1.25,0.5,257.13
1.25,0.5,257.08
1.25,0.5,257.03
1.25,0.5,256.98
1.25,0.5,256.93
1.25,0.5,256.88
1.25,0.5,256.83
1.25,0.5,256.78
1.25,0.5,256.73
1.25,0.5,256.68
1.25,0.5,256.63
1.25,0.5,256.58
1.25,0.5,256.53
1.25,0.5,256.48
1.25,0.5,256.43
1.25,0.5,256.38
1.25,0.5,256.33
1.25,0.5,256.28
1.25,0.5,256.11
1.25,0.5,255.56
1.25,0.5,254.51
1.25,0.5,252.96
1.25,0.5,250.91
1.25,0.5,248.36
1.25,0.5,245.31
1.25,0.5,241.76
1.35,0.5,258.83
1.35,0.5,258.78
1.35,0.5,258.73
1.35,0.5,258.68
1.35,0.5,258.63
1.35,0.5,258.58
1.35,0.5,258.53
1.35,0.5,258.48
1.35,0.5,258.43
1.35,0.5,258.38
1.35,0.5,258.33
1.35,0.5,258.28
1.35,0.5,258.23
1.35,0.5,258.18
1.35,0.5,258.13
1.35,0.5,258.08
1.45,0.5,258.92
1.45,0.5,258.87
1.45,0.5,258.82
1.45,0.5,258.77
1.45,0.5,258.72
1.45,0.5,258.67
1.45,0.5,258.62
1.45,0.5,258.57
1.45,0.5,258.52
1.45,0.5,258.47
1.45,0.5,258.42
1.45,0.5,258.37
1.45,0.5,258.32
1.45,0.5,258.27
1.45,0.5,258.22
1.45,0.5,258.17
1.45,0.5,258.12
1.45,0.5,258.07
1.35,0.5,258.03
1.35,0.5,257.98
1.35,0.5,257.93
1.35,0.5,257.88
1.35,0.5,257.83
1.35,0.5,257.78
1.35,0.5,257.73
1.35,0.5,257.68
1.35,0.5,257.63
1.35,0.5,257.58
1.35,0.5,257.53
1.35,0.5,257.48
1.35,0.5,257.43
1.35,0.5,257.38
1.35,0.5,257.33
1.35,0.5,257.28
1.35,0.5,257.23
1.35,0.5,257.18
1.35,0.5,257.13
1.35,0.5,257.08
1.35,0.5,257.03
1.35,0.5,256.98
1.35,0.5,256.93
1.35,0.5,256.88
1.35,0.5,256.83
1.35,0.5,256.78
1.35,0.5,256.73
1.35,0.5,256.68
1.35,0.5,256.63
1.35,0.5,256.58
1.35,0.5,256.53
1.35,0.5,256.48
1.35,0.5,256.43
1.35,0.5,256.38
1.35,0.5,256.2
1.35,0.5,255.65
1.35,0.5,254.6
1.35,0.5,253.05
1.35,0.5,251
1.35,0.5,248.45
1.35,0.5,245.4
1.35,0.5,241.85
1.45,0.5,258.02
1.45,0.5,257.97
1.45,0.5,257.92
1.45,0.5,257.87
1.45,0.5,257.82
1.45,0.5,257.77
1.45,0.5,257.72
1.45,0.5,257.67
1.45,0.5,257.62
1.45,0.5,257.57
1.45,0.5,257.52
1.45,0.5,257.47
1.45,0.5,257.42
1.45,0.5,257.37
1.45,0.5,257.32
1.45,0.5,257.27
1.45,0.5,257.22
1.45,0.5,257.17
1.45,0.5,257.12
1.45,0.5,257.07
1.45,0.5,257.02
1.45,0.5,256.97
1.45,0.5,256.92
1.45,0.5,256.87
1.45,0.5,256.82
1.45,0.5,256.77
1.45,0.5,256.72
1.45,0.5,256.67
1.45,0.5,256.62
1.45,0.5,256.57
1.45,0.5,256.52
1.45,0.5,256.47
1.45,0.5,256.3
1.45,0.5,255.75
1.45,0.5,254.7
1.45,0.5,253.15
1.45,0.5,251.1
1.45,0.5,248.55
1.45,0.5,245.5
1.45,0.5,241.95
1.55,0.5,259.02
1.55,0.5,258.97
1.55,0.5,258.92
1.55,0.5,258.87
1.55,0.5,258.82
1.55,0.5,258.77
1.55,0.5,258.72
1.55,0.5,258.67
1.55,0.5,258.62
1.55,0.5,258.57
1.55,0.5,258.52
1.55,0.5,258.47
1.55,0.5,258.42
1.55,0.5,258.37
1.55,0.5,258.32
1.55,0.5,258.27
1.55,0.5,258.22
1.55,0.5,258.17
1.55,0.5,258.12
1.55,0.5,258.07
1.65,0.5,259.11
1.65,0.5,259.06
1.65,0.5,259.01
1.65,0.5,258.96
1.65,0.5,258.91
1.65,0.5,258.86
1.65,0.5,258.81
1.65,0.5,258.76
1.65,0.5,258.71
1.65,0.5,258.66
1.65,0.5,258.61
1.65,0.5,258.56
1.65,0.5,258.51
1.65,0.5,258.46
1.65,0.5,258.41
1.65,0.5,258.36
1.65,0.5,258.31
1.65,0.5,258.26
1.65,0.5,258.21
1.65,0.5,258.16
1.65,0.5,258.11
1.65,0.5,258.06
1.55,0.5,258.02
1.55,0.5,257.97
1.55,0.5,257.92
1.55,0.5,257.87
1.55,0.5,257.82
1.55,0.5,257.77
1.55,0.5,257.72
1.55,0.5,257.67
1.55,0.5,257.62
1.55,0.5,257.57
1.55,0.5,257.52
1.55,0.5,257.47
1.55,0.5,257.42
1.55,0.5,257.37
1.55,0.5,257.32
1.55,0.5,257.27
1.55,0.5,257.22
1.55,0.5,257.17
1.55,0.5,257.12
1.55,0.5,257.07
1.55,0.5,257.02
1.55,0.5,256.97
1.55,0.5,256.92
1.55,0.5,256.87
1.55,0.5,256.82
1.55,0.5,256.77
1.55,0.5,256.72
1.55,0.5,256.67
1.55,0.5,256.62
1.55,0.5,256.57
1.55,0.5,256.39
1.55,0.5,255.84
1.55,0.5,254.79
1.55,0.5,253.24
1.55,0.5,251.19
1.55,0.5,248.64
1.55,0.5,245.59
1.55,0.5,242.04
1.65,0.5,258.01
1.65,0.5,257.96
1.65,0.5,257.91
1.65,0.5,257.86
1.65,0.5,257.81
1.65,0.5,257.76
1.65,0.5,257.71
1.65,0.5,257.66
1.65,0.5,257.61
1.65,0.5,257.56
1.65,0.5,257.51
1.65,0.5,257.46
1.65,0.5,257.41
1.65,0.5,257.36
1.65,0.5,257.31
1.65,0.5,257.26
1.65,0.5,257.21
1.65,0.5,257.16
1.65,0.5,257.11
1.65,0.5,257.06
1.65,0.5,257.01
1.65,0.5,256.96
1.65,0.5,256.91
1.65,0.5,256.86
1.65,0.5,256.81
1.65,0.5,256.76
1.65,0.5,256.71
1.65,0.5,256.66
1.65,0.5,256.49
1.65,0.5,255.94
1.65,0.5,254.89
1.65,0.5,253.34
1.65,0.5,251.29
1.65,0.5,248.74
1.65,0.5,245.69
1.65,0.5,242.14
1.75,0.5,259.21
1.75,0.5,259.16
1.75,0.5,259.11
1.75,0.5,259.06
1.75,0.5,259.01
1.75,0.5,258.96
1.75,0.5,258.91
1.75,0.5,258.86
1.75,0.5,258.81
1.75,0.5,258.76
1.75,0.5,258.71
1.75,0.5,258.66
1.75,0.5,258.61
1.75,0.5,258.56
1.75,0.5,258.51
1.75,0.5,258.46
1.75,0.5,258.41
1.75,0.5,258.36
1.75,0.5,258.31
1.75,0.5,258.26
1.75,0.5,258.21
1.75,0.5,258.16
1.75,0.5,258.11
1.75,0.5,258.06
1.85,0.5,259.3
1.85,0.5,259.25
1.85,0.5,259.2
1.85,0.5,259.15
1.85,0.5,259.1
1.85,0.5,259.05
1.85,0.5,259
1.85,0.5,258.95
1.85,0.5,258.9
1.85,0.5,258.85
1.85,0.5,258.8
1.85,0.5,258.75
1.85,0.5,258.7
1.85,0.5,258.65
1.85,0.5,258.6
1.85,0.5,258.55
1.85,0.5,258.5
1.85,0.5,258.45
1.85,0.5,258.4
1.85,0.5,258.35
1.85,0.5,258.3
1.85,0.5,258.25
1.85,0.5,258.2
1.85,0.5,258.15
1.85,0.5,258.1
1.85,0.5,258.05
1.75,0.5,258.01
1.75,0.5,257.96
1.75,0.5,257.91
1.75,0.5,257.86
1.75,0.5,257.81
1.75,0.5,257.76
1.75,0.5,257.71
1.75,0.5,257.66
1.75,0.5,257.61
1.75,0.5,257.56
1.75,0.5,257.51
1.75,0.5,257.46
1.75,0.5,257.41
1.75,0.5,257.36
1.75,0.5,257.31
1.75,0.5,257.26
1.75,0.5,257.21
1.75,0.5,257.16
1.75,0.5,257.11
1.75,0.5,257.06
1.75,0.5,257.01
1.75,0.5,256.96
1.75,0.5,256.91
1.75,0.5,256.86
1.75,0.5,256.81
1.75,0.5,256.76
1.75,0.5,256.58
1.75,0.5,256.03
1.75,0.5,254.98
1.75,0.5,253.43
1.75,0.5,251.38
1.75,0.5,248.83
1.75,0.5,245.78
1.75,0.5,242.23
1.85,0.5,258
1.85,0.5,257.95
1.85,0.5,257.9
1.85,0.5,257.85
1.85,0.5,257.8
1.85,0.5,257.75
1.85,0.5,257.7
1.85,0.5,257.65
1.85,0.5,257.6
1.85,0.5,257.55
1.85,0.5,257.5
1.85,0.5,257.45
1.85,0.5,257.4
1.85,0.5,257.35
1.85,0.5,257.3
1.85,0.5,257.25
1.85,0.5,257.2
1.85,0.5,257.15
1.85,0.5,257.1
1.85,0.5,257.05
1.85,0.5,257
1.85,0.5,256.95
1.85,0.5,256.9
1.85,0.5,256.85
1.85,0.5,256.68
1.85,0.5,256.13
1.85,0.5,255.08
1.85,0.5,253.53
1.85,0.5,251.48
1.85,0.5,248.93
1.85,0.5,245.88
1.85,0.5,242.33
1.95,0.5,259.4
1.95,0.5,259.35
1.95,0.5,259.3
1.95,0.5,259.25
1.95,0.5,259.2
1.95,0.5,259.15
1.95,0.5,259.1
1.95,0.5,259.05
1.95,0.5,259
1.95,0.5,258.95
1.95,0.5,258.9
1.95,0.5,258.85
1.95,0.5,258.8
1.95,0.5,258.75
1.95,0.5,258.7
1.95,0.5,258.65
1.95,0.5,258.6
1.95,0.5,258.55
1.95,0.5,258.5
1.95,0.5,258.45
1.95,0.5,258.4
1.95,0.5,258.35
1.95,0.5,258.3
1.95,0.5,258.25
1.95,0.5,258.2
1.95,0.5,258.15
1.95,0.5,258.1
2.05,0.5,259.46
2.05,0.5,259.41
2.05,0.5,259.36
2.05,0.5,259.31
2.05,0.5,259.26
2.05,0.5,259.21
2.05,0.5,259.16
2.05,0.5,259.11
2.05,0.5,259.06
2.05,0.5,259.01
2.05,0.5,258.96
2.05,0.5,258.91
2.05,0.5,258.86
2.05,0.5,258.81
2.05,0.5,258.76
2.05,0.5,258.71
2.05,0.5,258.66
2.05,0.5,258.61
2.05,0.5,258.56
2.05,0.5,258.51
2.05,0.5,258.46
2.05,0.5,258.41
2.05,0.5,258.36
2.05,0.5,258.31
2.05,0.5,258.26
2.05,0.5,258.21
2.05,0.5,258.16
2.05,0.5,258.11
2.05,0.5,258.06
1.95,0.5,258.05
1.95,0.5,258
1.95,0.5,257.95
1.95,0.5,257.9
1.95,0.5,257.85
1.95,0.5,257.8
1.95,0.5,257.75
1.95,0.5,257.7
1.95,0.5,257.65
1.95,0.5,257.6
1.95,0.5,257.55
1.95,0.5,257.5
1.95,0.5,257.45
1.95,0.5,257.4
1.95,0.5,257.35
1.95,0.5,257.3
1.95,0.5,257.25
1.95,0.5,257.2
1.95,0.5,257.15
1.95,0.5,257.1
1.95,0.5,257.05
1.95,0.5,257
1.95,0.5,256.95
1.95,0.5,256.77
1.95,0.5,256.22
1.95,0.5,255.17
1.95,0.5,253.62
1.95,0.5,251.57
1.95,0.5,249.02
1.95,0.5,245.97
1.95,0.5,242.42
2.05,0.5,258.01
2.05,0.5,257.96
2.05,0.5,257.91
2.05,0.5,257.86
2.05,0.5,257.81
2.05,0.5,257.76
2.05,0.5,257.71
2.05,0.5,257.66
2.05,0.5,257.61
2.05,0.5,257.56
2.05,0.5,257.51
2.05,0.5,257.46
2.05,0.5,257.41
2.05,0.5,257.36
2.05,0.5,257.31
2.05,0.5,257.26
2.05,0.5,257.21
2.05,0.5,257.16
2.05,0.5,257.11
2.05,0.5,257.06
2.05,0.5,257.01
2.05,0.5,256.83
2.05,0.5,256.28
2.05,0.5,255.23
2.05,0.5,253.68
2.05,0.5,251.63
2.05,0.5,249.08
2.05,0.5,246.03
2.05,0.5,242.48
2.15,0.5,259.49
2.15,0.5,259.44
2.15,0.5,259.39
2.15,0.5,259.34
2.15,0.5,259.29
2.15,0.5,259.24
2.15,0.5,259.19
2.15,0.5,259.14
2.15,0.5,259.09
2.15,0.5,259.04
2.15,0.5,258.99
2.15,0.5,258.94
2.15,0.5,258.89
2.15,0.5,258.84
2.15,0.5,258.79
2.15,0.5,258.74
2.15,0.5,258.69
2.15,0.5,258.64
2.15,0.5,258.59
2.15,0.5,258.54
2.15,0.5,258.49
2.15,0.5,258.44
2.15,0.5,258.39
2.15,0.5,258.34
2.15,0.5,258.29
2.15,0.5,258.24
2.15,0.5,258.19
2.15,0.5,258.14
2.15,0.5,258.09
2.15,0.5,258.04
2.25,0.5,259.52
2.25,0.5,259.47
2.25,0.5,259.42
2.25,0.5,259.37
2.25,0.5,259.32
2.25,0.5,259.27
2.25,0.5,259.22
2.25,0.5,259.17
2.25,0.5,259.12
2.25,0.5,259.07
2.25,0.5,259.02
2.25,0.5,258.97
2.25,0.5,258.92
2.25,0.5,258.87
2.25,0.5,258.82
2.25,0.5,258.77
2.25,0.5,258.72
2.25,0.5,258.67
2.25,0.5,258.62
2.25,0.5,258.57
2.25,0.5,258.52
2.25,0.5,258.47
2.25,0.5,258.42
2.25,0.5,258.37
2.25,0.5,258.32
2.25,0.5,258.27
2.25,0.5,258.22
2.25,0.5,258.17
2.25,0.5,258.12
2.25,0.5,258.07
2.25,0.5,258.02
2.15,0.5,257.99
2.15,0.5,257.94
2.15,0.5,257.89
2.15,0.5,257.84
2.15,0.5,257.79
2.15,0.5,257.74
2.15,0.5,257.69
2.15,0.5,257.64
2.15,0.5,257.59
2.15,0.5,257.54
2.15,0.5,257.49
2.15,0.5,257.44
2.15,0.5,257.39
2.15,0.5,257.34
2.15,0.5,257.29
2.15,0.5,257.24
2.15,0.5,257.19
2.15,0.5,257.14
2.15,0.5,257.09
2.15,0.5,257.04
2.15,0.5,256.86
2.15,0.5,256.31
2.15,0.5,255.26
2.15,0.5,253.71
2.15,0.5,251.66
2.15,0.5,249.11
2.15,0.5,246.06
2.15,0.5,242.51
2.25,0.5,257.97
2.25,0.5,257.92
2.25,0.5,257.87
2.25,0.5,257.82
2.25,0.5,257.77
2.25,0.5,257.72
2.25,0.5,257.67
2.25,0.5,257.62
2.25,0.5,257.57
2.25,0.5,257.52
2.25,0.5,257.47
2.25,0.5,257.42
2.25,0.5,257.37
2.25,0.5,257.32
2.25,0.5,257.27
2.25,0.5,257.22
2.25,0.5,257.17
2.25,0.5,257.12
2.25,0.5,257.07
2.25,0.5,256.89
2.25,0.5,256.34
2.25,0.5,255.29
2.25,0.5,253.74
2.25,0.5,251.69
2.25,0.5,249.14
2.25,0.5,246.09
2.25,0.5,242.54
2.35,0.5,259.55
2.35,0.5,259.5
2.35,0.5,259.45
2.35,0.5,259.4
2.35,0.5,259.35
2.35,0.5,259.3
2.35,0.5,259.25
2.35,0.5,259.2
2.35,0.5,259.15
2.35,0.5,259.1
2.35,0.5,259.05
2.35,0.5,259
2.35,0.5,258.95
2.35,0.5,258.9
2.35,0.5,258.85
2.35,0.5,258.8
2.35,0.5,258.75
2.35,0.5,258.7
2.35,0.5,258.65
2.35,0.5,258.6
2.35,0.5,258.55
2.35,0.5,258.5
2.35,0.5,258.45
2.35,0.5,258.4
2.35,0.5,258.35
2.35,0.5,258.3
2.35,0.5,258.25
2.35,0.5,258.2
2.35,0.5,258.15
2.35,0.5,258.1
2.35,0.5,258.05
2.45,0.5,259.58
2.45,0.5,259.53
2.45,0.5,259.48
2.45,0.5,259.43
2.45,0.5,259.38
2.45,0.5,259.33
2.45,0.5,259.28
2.45,0.5,259.23
2.45,0.5,259.18
2.45,0.5,259.13
2.45,0.5,259.08
2.45,0.5,259.03
2.45,0.5,258.98
2.45,0.5,258.93
2.45,0.5,258.88
2.45,0.5,258.83
2.45,0.5,258.78
2.45,0.5,258.73
2.45,0.5,258.68
2.45,0.5,258.63
2.45,0.5,258.58
2.45,0.5,258.53
2.45,0.5,258.48
2.45,0.5,258.43
2.45,0.5,258.38
2.45,0.5,258.33
2.45,0.5,258.28
2.45,0.5,258.23
2.45,0.5,258.18
2.45,0.5,258.13
2.45,0.5,258.08
2.45,0.5,258.03
2.35,0.5,258
2.35,0.5,257.95
2.35,0.5,257.9
2.35,0.5,257.85
2.35,0.5,257.8
2.35,0.5,257.75
2.35,0.5,257.7
2.35,0.5,257.65
2.35,0.5,257.6
2.35,0.5,257.55
2.35,0.5,257.5
2.35,0.5,257.45
2.35,0.5,257.4
2.35,0.5,257.35
2.35,0.5,257.3
2.35,0.5,257.25
2.35,0.5,257.2
2.35,0.5,257.15
2.35,0.5,257.1
2.35,0.5,256.92
2.35,0.5,256.37
2.35,0.5,255.32
2.35,0.5,253.77
2.35,0.5,251.72
2.35,0.5,249.17
2.35,0.5,246.12
2.35,0.5,242.57
2.45,0.5,257.98
2.45,0.5,257.93
2.45,0.5,257.88
2.45,0.5,257.83
2.45,0.5,257.78
2.45,0.5,257.73
2.45,0.5,257.68
2.45,0.5,257.63
2.45,0.5,257.58
2.45,0.5,257.53
2.45,0.5,257.48
2.45,0.5,257.43
2.45,0.5,257.38
2.45,0.5,257.33
2.45,0.5,257.28
2.45,0.5,257.23
2.45,0.5,257.18
2.45,0.5,257.13
2.45,0.5,256.95
2.45,0.5,256.4
2.45,0.5,255.35
2.45,0.5,253.8
2.45,0.5,251.75
2.45,0.5,249.2
2.45,0.5,246.15
2.45,0.5,242.6
2.55,0.5,259.61
2.55,0.5,259.56
2.55,0.5,259.51
2.55,0.5,259.46
2.55,0.5,259.41
2.55,0.5,259.36
2.55,0.5,259.31
2.55,0.5,259.26
2.55,0.5,259.21
2.55,0.5,259.16
2.55,0.5,259.11
2.55,0.5,259.06
2.55,0.5,259.01
2.55,0.5,258.96
2.55,0.5,258.91
2.55,0.5,258.86
2.55,0.5,258.81
2.55,0.5,258.76
2.55,0.5,258.71
2.55,0.5,258.66
2.55,0.5,258.61
2.55,0.5,258.56
2.55,0.5,258.51
2.55,0.5,258.46
2.55,0.5,258.41
2.55,0.5,258.36
2.55,0.5,258.31
2.55,0.5,258.26
2.55,0.5,258.21
2.55,0.5,258.16
2.55,0.5,258.11
2.55,0.5,258.06
2.65,0.5,259.64
2.65,0.5,259.59
2.65,0.5,259.54
2.65,0.5,259.49
2.65,0.5,259.44
2.65,0.5,259.39
2.65,0.5,259.34
2.65,0.5,259.29
2.65,0.5,259.24
2.65,0.5,259.19
2.65,0.5,259.14
2.65,0.5,259.09
2.65,0.5,259.04
2.65,0.5,258.99
2.65,0.5,258.94
2.65,0.5,258.89
2.65,0.5,258.84
2.65,0.5,258.79
2.65,0.5,258.74
2.65,0.5,258.69
2.65,0.5,258.64
2.65,0.5,258.59
2.65,0.5,258.54
2.65,0.5,258.49
2.65,0.5,258.44
2.65,0.5,258.39
2.65,0.5,258.34
2.65,0.5,258.29
2.65,0.5,258.24
2.65,0.5,258.19
2.65,0.5,258.14
2.65,0.5,258.09
2.65,0.5,258.04
2.55,0.5,258.01
2.55,0.5,257.96
2.55,0.5,257.91
2.55,0.5,257.86
2.55,0.5,257.81
2.55,0.5,257.76
2.55,0.5,257.71
2.55,0.5,257.66
2.55,0.5,257.61
2.55,0.5,257.56
2.55,0.5,257.51
2.55,0.5,257.46
2.55,0.5,257.41
2.55,0.5,257.36
2.55,0.5,257.31
2.55,0.5,257.26
2.55,0.5,257.21
2.55,0.5,257.16
2.55,0.5,256.98
2.55,0.5,256.43
2.55,0.5,255.38
2.55,0.5,253.83
2.55,0.5,251.78
2.55,0.5,249.23
2.55,0.5,246.18
2.55,0.5,242.63
2.65,0.5,257.99
2.65,0.5,257.94
2.65,0.5,257.89
2.65,0.5,257.84
2.65,0.5,257.79
2.65,0.5,257.74
2.65,0.5,257.69
2.65,0.5,257.64
2.65,0.5,257.59
2.65,0.5,257.54
2.65,0.5,257.49
2.65,0.5,257.44
2.65,0.5,257.39
2.65,0.5,257.34
2.65,0.5,257.29
2.65,0.5,257.24
2.65,0.5,257.19
2.65,0.5,257.01
2.65,0.5,256.46
2.65,0.5,255.41
2.65,0.5,253.86
2.65,0.5,251.81
2.65,0.5,249.26
2.65,0.5,246.21
2.65,0.5,242.66
2.75,0.5,259.67
2.75,0.5,259.62
2.75,0.5,259.57
2.75,0.5,259.52
2.75,0.5,259.47
2.75,0.5,259.42
2.75,0.5,259.37
2.75,0.5,259.32
2.75,0.5,259.27
2.75,0.5,259.22
2.75,0.5,259.17
2.75,0.5,259.12
2.75,0.5,259.07
2.75,0.5,259.02
2.75,0.5,258.97
2.75,0.5,258.92
2.75,0.5,258.87
2.75,0.5,258.82
2.75,0.5,258.77
2.75,0.5,258.72
2.75,0.5,258.67
2.75,0.5,258.62
2.75,0.5,258.57
2.75,0.5,258.52
2.75,0.5,258.47
2.75,0.5,258.42
2.75,0.5,258.37
2.75,0.5,258.32
2.75,0.5,258.27
2.75,0.5,258.22
2.75,0.5,258.17
2.75,0.5,258.12
2.75,0.5,258.07
2.75,0.5,258.02
2.85,0.5,259.7
2.85,0.5,259.65
2.85,0.5,259.6
2.85,0.5,259.55
2.85,0.5,259.5
2.85,0.5,259.45
2.85,0.5,259.4
2.85,0.5,259.35
2.85,0.5,259.3
2.85,0.5,259.25
2.85,0.5,259.2
2.85,0.5,259.15
2.85,0.5,259.1
2.85,0.5,259.05
2.85,0.5,259
2.85,0.5,258.95
2.85,0.5,258.9
2.85,0.5,258.85
2.85,0.5,258.8
2.85,0.5,258.75
2.85,0.5,258.7
2.85,0.5,258.65
2.85,0.5,258.6
2.85,0.5,258.55
2.85,0.5,258.5
2.85,0.5,258.45
2.85,0.5,258.4
2.85,0.5,258.35
2.85,0.5,258.3
2.85,0.5,258.25
2.85,0.5,258.2
2.85,0.5,258.15
2.85,0.5,258.1
2.85,0.5,258.05
2.75,0.5,257.97
2.75,0.5,257.92
2.75,0.5,257.87
2.75,0.5,257.82
2.75,0.5,257.77
2.75,0.5,257.72
2.75,0.5,257.67
2.75,0.5,257.62
2.75,0.5,257.57
2.75,0.5,257.52
2.75,0.5,257.47
2.75,0.5,257.42
2.75,0.5,257.37
2.75,0.5,257.32
2.75,0.5,257.27
2.75,0.5,257.22
2.75,0.5,257.04
2.75,0.5,256.49
2.75,0.5,255.44
2.75,0.5,253.89
2.75,0.5,251.84
2.75,0.5,249.29
2.75,0.5,246.24
2.75,0.5,242.69
2.85,0.5,258
2.85,0.5,257.95
2.85,0.5,257.9
2.85,0.5,257.85
2.85,0.5,257.8
2.85,0.5,257.75
2.85,0.5,257.7
2.85,0.5,257.65
2.85,0.5,257.6
2.85,0.5,257.55
2.85,0.5,257.5
2.85,0.5,257.45
2.85,0.5,257.4
2.85,0.5,257.35
2.85,0.5,257.3
2.85,0.5,257.25
2.85,0.5,257.07
2.85,0.5,256.52
2.85,0.5,255.47
2.85,0.5,253.92
2.85,0.5,251.87
2.85,0.5,249.32
2.85,0.5,246.27
2.85,0.5,242.72
2.95,0.5,259.73
2.95,0.5,259.68
2.95,0.5,259.63
2.95,0.5,259.58
2.95,0.5,259.53
2.95,0.5,259.48
2.95,0.5,259.43
2.95,0.5,259.38
2.95,0.5,259.33
2.95,0.5,259.28
2.95,0.5,259.23
2.95,0.5,259.18
2.95,0.5,259.13
2.95,0.5,259.08
2.95,0.5,259.03
2.95,0.5,258.98
2.95,0.5,258.93
2.95,0.5,258.88
2.95,0.5,258.83
2.95,0.5,258.78
2.95,0.5,258.73
2.95,0.5,258.68
2.95,0.5,258.63
2.95,0.5,258.58
2.95,0.5,258.53
2.95,0.5,258.48
2.95,0.5,258.43
2.95,0.5,258.38
2.95,0.5,258.33
2.95,0.5,258.28
2.95,0.5,258.23
2.95,0.5,258.18
2.95,0.5,258.13
2.95,0.5,258.08
2.95,0.5,258.03
3.05,0.5,259.76
3.05,0.5,259.71
3.05,0.5,259.66
3.05,0.5,259.61
3.05,0.5,259.56
3.05,0.5,259.51
3.05,0.5,259.46
3.05,0.5,259.41
3.05,0.5,259.36
3.05,0.5,259.31
3.05,0.5,259.26
3.05,0.5,259.21
3.05,0.5,259.16
3.05,0.5,259.11
3.05,0.5,259.06
3.05,0.5,259.01
3.05,0.5,258.96
3.05,0.5,258.91
3.05,0.5,258.86
3.05,0.5,258.81
3.05,0.5,258.76
3.05,0.5,258.71
3.05,0.5,258.66
3.05,0.5,258.61
3.05,0.5,258.56
3.05,0.5,258.51
3.05,0.5,258.46
3.05,0.5,258.41
3.05,0.5,258.36
3.05,0.5,258.31
3.05,0.5,258.26
3.05,0.5,258.21
3.05,0.5,258.16
3.05,0.5,258.11
3.05,0.5,258.06
2.95,0.5,257.98
2.95,0.5,257.93
2.95,0.5,257.88
2.95,0.5,257.83
2.95,0.5,257.78
2.95,0.5,257.73
2.95,0.5,257.68
2.95,0.5,257.63
2.95,0.5,257.58
2.95,0.5,257.53
2.95,0.5,257.48
2.95,0.5,257.43
2.95,0.5,257.38
2.95,0.5,257.33
2.95,0.5,257.28
2.95,0.5,257.1
2.95,0.5,256.55
2.95,0.5,255.5
2.95,0.5,253.95
2.95,0.5,251.9
2.95,0.5,249.35
2.95,0.5,246.3
2.95,0.5,242.75
3.05,0.5,258.01
3.05,0.5,257.96
3.05,0.5,257.91
3.05,0.5,257.86
3.05,0.5,257.81
3.05,0.5,257.76
3.05,0.5,257.71
3.05,0.5,257.66
3.05,0.5,257.61
3.05,0.5,257.56
3.05,0.5,257.51
3.05,0.5,257.46
3.05,0.5,257.41
3.05,0.5,257.36
3.05,0.5,257.31
3.05,0.5,257.14
3.05,0.5,256.59
3.05,0.5,255.54
3.05,0.5,253.99
3.05,0.5,251.94
3.05,0.5,249.39
3.05,0.5,246.34
3.05,0.5,242.79
3.15,0.5,259.8
3.15,0.5,259.75
3.15,0.5,259.7
3.15,0.5,259.65
3.15,0.5,259.6
3.15,0.5,259.55
3.15,0.5,259.5
3.15,0.5,259.45
3.15,0.5,259.4
3.15,0.5,259.35
3.15,0.5,259.3
3.15,0.5,259.25
3.15,0.5,259.2
3.15,0.5,259.15
3.15,0.5,259.1
3.15,0.5,259.05
3.15,0.5,259
3.15,0.5,258.95
3.15,0.5,258.9
3.15,0.5,258.85
3.15,0.5,258.8
3.15,0.5,258.75
3.15,0.5,258.7
3.15,0.5,258.65
3.15,0.5,258.6
3.15,0.5,258.55
3.15,0.5,258.5
3.15,0.5,258.45
3.15,0.5,258.4
3.15,0.5,258.35
3.15,0.5,258.3
3.15,0.5,258.25
3.15,0.5,258.2
3.15,0.5,258.15
3.15,0.5,258.1
3.15,0.5,258.05
3.25,0.5,259.84
3.25,0.5,259.79
3.25,0.5,259.74
3.25,0.5,259.69
3.25,0.5,259.64
3.25,0.5,259.59
3.25,0.5,259.54
3.25,0.5,259.49
3.25,0.5,259.44
3.25,0.5,259.39
3.25,0.5,259.34
3.25,0.5,259.29
3.25,0.5,259.24
3.25,0.5,259.19
3.25,0.5,259.14
3.25,0.5,259.09
3.25,0.5,259.04
3.25,0.5,258.99
3.25,0.5,258.94
3.25,0.5,258.89
3.25,0.5,258.84
3.25,0.5,258.79
3.25,0.5,258.74
3.25,0.5,258.69
3.25,0.5,258.64
3.25,0.5,258.59
3.25,0.5,258.54
3.25,0.5,258.49
3.25,0.5,258.44
3.25,0.5,258.39
3.25,0.5,258.34
3.25,0.5,258.29
3.25,0.5,258.24
3.25,0.5,258.19
3.25,0.5,258.14
3.25,0.5,258.09
3.25,0.5,258.04
3.15,0.5,258
3.15,0.5,257.95
3.15,0.5,257.9
3.15,0.5,257.85
3.15,0.5,257.8
3.15,0.5,257.75
3.15,0.5,257.7
3.15,0.5,257.65
3.15,0.5,257.6
3.15,0.5,257.55
3.15,0.5,257.5
3.15,0.5,257.45
3.15,0.5,257.4
3.15,0.5,257.35
3.15,0.5,257.18
3.15,0.5,256.63
3.15,0.5,255.58
3.15,0.5,254.03
3.15,0.5,251.98
3.15,0.5,249.43
3.15,0.5,246.38
3.15,0.5,242.83
3.25,0.5,257.99
3.25,0.5,257.94
3.25,0.5,257.89
3.25,0.5,257.84
3.25,0.5,257.79
3.25,0.5,257.74
3.25,0.5,257.69
3.25,0.5,257.64
3.25,0.5,257.59
3.25,0.5,257.54
3.25,0.5,257.49
3.25,0.5,257.44
3.25,0.5,257.39
3.25,0.5,257.22
3.25,0.5,256.67
3.25,0.5,255.62
3.25,0.5,254.07
3.25,0.5,252.02
3.25,0.5,249.47
3.25,0.5,246.42
3.25,0.5,242.87
3.35,0.5,259.88
3.35,0.5,259.83
3.35,0.5,259.78
3.35,0.5,259.73
3.35,0.5,259.68
3.35,0.5,259.63
3.35,0.5,259.58
3.35,0.5,259.53
3.35,0.5,259.48
3.35,0.5,259.43
3.35,0.5,259.38
3.35,0.5,259.33
3.35,0.5,259.28
3.35,0.5,259.23
3.35,0.5,259.18
3.35,0.5,259.13
3.35,0.5,259.08
3.35,0.5,259.03
3.35,0.5,258.98
3.35,0.5,258.93
3.35,0.5,258.88
3.35,0.5,258.83
3.35,0.5,258.78
3.35,0.5,258.73
3.35,0.5,258.68
3.35,0.5,258.63
3.35,0.5,258.58
3.35,0.5,258.53
3.35,0.5,258.48
3.35,0.5,258.43
3.35,0.5,258.38
3.35,0.5,258.33
3.35,0.5,258.28
3.35,0.5,258.23
3.35,0.5,258.18
3.35,0.5,258.13
3.35,0.5,258.08
3.35,0.5,258.03
3.45,0.5,259.92
3.45,0.5,259.87
3.45,0.5,259.82
3.45,0.5,259.77
3.45,0.5,259.72
3.45,0.5,259.67
3.45,0.5,259.62
3.45,0.5,259.57
3.45,0.5,259.52
3.45,0.5,259.47
3.45,0.5,259.42
3.45,0.5,259.37
3.45,0.5,259.32
3.45,0.5,259.27
3.45,0.5,259.22
3.45,0.5,259.17
3.45,0.5,259.12
3.45,0.5,259.07
3.45,0.5,259.02
3.45,0.5,258.97
3.45,0.5,258.92
3.45,0.5,258.87
3.45,0.5,258.82
3.45,0.5,258.77
3.45,0.5,258.72
3.45,0.5,258.67
3.45,0.5,258.62
3.45,0.5,258.57
3.45,0.5,258.52
3.45,0.5,258.47
3.45,0.5,258.42
3.45,0.5,258.37
3.45,0.5,258.32
3.45,0.5,258.27
3.45,0.5,258.22
3.45,0.5,258.17
3.45,0.5,258.12
3.45,0.5,258.07
3.35,0.5,257.98
3.35,0.5,257.93
3.35,0.5,257.88
3.35,0.5,257.83
3.35,0.5,257.78
3.35,0.5,257.73
3.35,0.5,257.68
3.35,0.5,257.63
3.35,0.5,257.58
3.35,0.5,257.53
3.35,0.5,257.48
3.35,0.5,257.43
3.35,0.5,257.25
3.35,0.5,256.7
3.35,0.5,255.65
3.35,0.5,254.1
3.35,0.5,252.05
3.35,0.5,249.5
3.35,0.5,246.45
3.35,0.5,242.9
3.45,0.5,258.02
3.45,0.5,257.97
3.45,0.5,257.92
3.45,0.5,257.87
3.45,0.5,257.82
3.45,0.5,257.77
3.45,0.5,257.72
3.45,0.5,257.67
3.45,0.5,257.62
3.45,0.5,257.57
3.45,0.5,257.52
3.45,0.5,257.47
3.45,0.5,257.29
3.45,0.5,256.74
3.45,0.5,255.69
3.45,0.5,254.14
3.45,0.5,252.09
3.45,0.5,249.54
3.45,0.5,246.49
3.45,0.5,242.94
3.55,0.5,259.96
3.55,0.5,259.91
3.55,0.5,259.86
3.55,0.5,259.81
3.55,0.5,259.76
3.55,0.5,259.71
3.55,0.5,259.66
3.55,0.5,259.61
3.55,0.5,259.56
3.55,0.5,259.51
3.55,0.5,259.46
3.55,0.5,259.41
3.55,0.5,259.36
3.55,0.5,259.31
3.55,0.5,259.26
3.55,0.5,259.21
3.55,0.5,259.16
3.55,0.5,259.11
3.55,0.5,259.06
3.55,0.5,259.01
3.55,0.5,258.96
3.55,0.5,258.91
3.55,0.5,258.86
3.55,0.5,258.81
3.55,0.5,258.76
3.55,0.5,258.71
3.55,0.5,258.66
3.55,0.5,258.61
3.55,0.5,258.56
3.55,0.5,258.51
3.55,0.5,258.46
3.55,0.5,258.41
3.55,0.5,258.36
3.55,0.5,258.31
3.55,0.5,258.26
3.55,0.5,258.21
3.55,0.5,258.16
3.55,0.5,258.11
3.55,0.5,258.06
3.65,0.5,260
3.65,0.5,259.95
3.65,0.5,259.9
3.65,0.5,259.85
3.65,0.5,259.8
3.65,0.5,259.75
3.65,0.5,259.7
3.65,0.5,259.65
3.65,0.5,259.6
3.65,0.5,259.55
3.65,0.5,259.5
3.65,0.5,259.45
3.65,0.5,259.4
3.65,0.5,259.35
3.65,0.5,259.3
3.65,0.5,259.25
3.65,0.5,259.2
3.65,0.5,259.15
3.65,0.5,259.1
3.65,0.5,259.05
3.65,0.5,259
3.65,0.5,258.95
3.65,0.5,258.9
3.65,0.5,258.85
3.65,0.5,258.8
3.65,0.5,258.75
3.65,0.5,258.7
3.65,0.5,258.65
3.65,0.5,258.6
3.65,0.5,258.55
3.65,0.5,258.5
3.65,0.5,258.45
3.65,0.5,258.4
3.65,0.5,258.35
3.65,0.5,258.3
3.65,0.5,258.25
3.65,0.5,258.2
3.65,0.5,258.15
3.65,0.5,258.1
3.65,0.5,258.05
3.55,0.5,258.01
3.55,0.5,257.96
3.55,0.5,257.91
3.55,0.5,257.86
3.55,0.5,257.81
3.55,0.5,257.76
3.55,0.5,257.71
3.55,0.5,257.66
3.55,0.5,257.61
3.55,0.5,257.56
3.55,0.5,257.51
3.55,0.5,257.33
3.55,0.5,256.78
3.55,0.5,255.73
3.55,0.5,254.18
3.55,0.5,252.13
3.55,0.5,249.58
3.55,0.5,246.53
3.55,0.5,242.98
3.65,0.5,258
3.65,0.5,257.95
3.65,0.5,257.9
3.65,0.5,257.85
3.65,0.5,257.8
3.65,0.5,257.75
3.65,0.5,257.7
3.65,0.5,257.65
3.65,0.5,257.6
3.65,0.5,257.55
3.65,0.5,257.37
3.65,0.5,256.82
3.65,0.5,255.77
3.65,0.5,254.22
3.65,0.5,252.17
3.65,0.5,249.62
3.65,0.5,246.57
3.65,0.5,243.02
3.75,0.5,260.04
3.75,0.5,259.99
3.75,0.5,259.94
3.75,0.5,259.89
3.75,0.5,259.84
3.75,0.5,259.79
3.75,0.5,259.74
3.75,0.5,259.69
3.75,0.5,259.64
3.75,0.5,259.59
3.75,0.5,259.54
3.75,0.5,259.49
3.75,0.5,259.44
3.75,0.5,259.39
3.75,0.5,259.34
3.75,0.5,259.29
3.75,0.5,259.24
3.75,0.5,259.19
3.75,0.5,259.14
3.75,0.5,259.09
3.75,0.5,259.04
3.75,0.5,258.99
3.75,0.5,258.94
3.75,0.5,258.89
3.75,0.5,258.84
3.75,0.5,258.79
3.75,0.5,258.74
3.75,0.5,258.69
3.75,0.5,258.64
3.75,0.5,258.59
3.75,0.5,258.54
3.75,0.5,258.49
3.75,0.5,258.44
3.75,0.5,258.39
3.75,0.5,258.34
3.75,0.5,258.29
3.75,0.5,258.24
3.75,0.5,258.19
3.75,0.5,258.14
3.75,0.5,258.09
3.75,0.5,258.04
3.85,0.5,260.08
3.85,0.5,260.03
3.85,0.5,259.98
3.85,0.5,259.93
3.85,0.5,259.88
3.85,0.5,259.83
3.85,0.5,259.78
3.85,0.5,259.73
3.85,0.5,259.68
3.85,0.5,259.63
3.85,0.5,259.58
3.85,0.5,259.53
3.85,0.5,259.48
3.85,0.5,259.43
3.85,0.5,259.38
3.85,0.5,259.33
3.85,0.5,259.28
3.85,0.5,259.23
3.85,0.5,259.18
3.85,0.5,259.13
3.85,0.5,259.08
3.85,0.5,259.03
3.85,0.5,258.98
3.85,0.5,258.93
3.85,0.5,258.88
3.85,0.5,258.83
3.85,0.5,258.78
3.85,0.5,258.73
3.85,0.5,258.68
3.85,0.5,258.63
3.85,0.5,258.58
3.85,0.5,258.53
3.85,0.5,258.48
3.85,0.5,258.43
3.85,0.5,258.38
3.85,0.5,258.33
3.85,0.5,258.28
3.85,0.5,258.23
3.85,0.5,258.18
3.85,0.5,258.13
3.85,0.5,258.08
3.85,0.5,258.03
3.75,0.5,257.99
3.75,0.5,257.94
3.75,0.5,257.89
3.75,0.5,257.84
3.75,0.5,257.79
3.75,0.5,257.74
3.75,0.5,257.69
3.75,0.5,257.64
3.75,0.5,257.59
3.75,0.5,257.41
3.75,0.5,256.86
3.75,0.5,255.81
3.75,0.5,254.26
3.75,0.5,252.21
3.75,0.5,249.66
3.75,0.5,246.61
3.75,0.5,243.06
3.85,0.5,257.98
3.85,0.5,257.93
3.85,0.5,257.88
3.85,0.5,257.83
3.85,0.5,257.78
3.85,0.5,257.73
3.85,0.5,257.68
3.85,0.5,257.63
3.85,0.5,257.45
3.85,0.5,256.9
3.85,0.5,255.85
3.85,0.5,254.3
3.85,0.5,252.25
3.85,0.5,249.7
3.85,0.5,246.65
3.85,0.5,243.1
3.95,0.5,260.12
3.95,0.5,260.07
3.95,0.5,260.02
3.95,0.5,259.97
3.95,0.5,259.92
3.95,0.5,259.87
3.95,0.5,259.82
3.95,0.5,259.77
3.95,0.5,259.72
3.95,0.5,259.67
3.95,0.5,259.62
3.95,0.5,259.57
3.95,0.5,259.52
3.95,0.5,259.47
3.95,0.5,259.42
3.95,0.5,259.37
3.95,0.5,259.32
3.95,0.5,259.27
3.95,0.5,259.22
3.95,0.5,259.17
3.95,0.5,259.12
3.95,0.5,259.07
3.95,0.5,259.02
3.95,0.5,258.97
3.95,0.5,258.92
3.95,0.5,258.87
3.95,0.5,258.82
3.95,0.5,258.77
3.95,0.5,258.72
3.95,0.5,258.67
3.95,0.5,258.62
3.95,0.5,258.57
3.95,0.5,258.52
3.95,0.5,258.47
3.95,0.5,258.42
3.95,0.5,258.37
3.95,0.5,258.32
3.95,0.5,258.27
3.95,0.5,258.22
3.95,0.5,258.17
3.95,0.5,258.12
3.95,0.5,258.07
4.05,0.5,260.15
4.05,0.5,260.1
4.05,0.5,260.05
4.05,0.5,260
4.05,0.5,259.95
4.05,0.5,259.9
4.05,0.5,259.85
4.05,0.5,259.8
4.05,0.5,259.75
4.05,0.5,259.7
4.05,0.5,259.65
4.05,0.5,259.6
4.05,0.5,259.55
4.05,0.5,259.5
4.05,0.5,259.45
4.05,0.5,259.4
4.05,0.5,259.35
4.05,0.5,259.3
4.05,0.5,259.25
4.05,0.5,259.2
4.05,0.5,259.15
4.05,0.5,259.1
4.05,0.5,259.05
4.05,0.5,259
4.05,0.5,258.95
4.05,0.5,258.9
4.05,0.5,258.85
4.05,0.5,258.8
4.05,0.5,258.75
4.05,0.5,258.7
4.05,0.5,258.65
4.05,0.5,258.6
4.05,0.5,258.55
4.05,0.5,258.5
4.05,0.5,258.45
4.05,0.5,258.4
4.05,0.5,258.35
4.05,0.5,258.3
4.05,0.5,258.25
4.05,0.5,258.2
4.05,0.5,258.15
4.05,0.5,258.1
4.05,0.5,258.05
3.95,0.5,258.02
3.95,0.5,257.97
3.95,0.5,257.92
3.95,0.5,257.87
3.95,0.5,257.82
3.95,0.5,257.77
3.95,0.5,257.72
3.95,0.5,257.67
3.95,0.5,257.49
3.95,0.5,256.94
3.95,0.5,255.89
3.95,0.5,254.34
3.95,0.5,252.29
3.95,0.5,249.74
3.95,0.5,246.69
3.95,0.5,243.14
4.05,0.5,258
4.05,0.5,257.95
4.05,0.5,257.9
4.05,0.5,257.85
4.05,0.5,257.8
4.05,0.5,257.75
4.05,0.5,257.7
4.05,0.5,257.53
4.05,0.5,256.98
4.05,0.5,255.93
4.05,0.5,254.38
4.05,0.5,252.33
4.05,0.5,249.78
4.05,0.5,246.73
4.05,0.5,243.18
4.15,0.5,260.18
4.15,0.5,260.13
4.15,0.5,260.08
4.15,0.5,260.03
4.15,0.5,259.98
4.15,0.5,259.93
4.15,0.5,259.88
4.15,0.5,259.83
4.15,0.5,259.78
4.15,0.5,259.73
4.15,0.5,259.68
4.15,0.5,259.63
4.15,0.5,259.58
4.15,0.5,259.53
4.15,0.5,259.48
4.15,0.5,259.43
4.15,0.5,259.38
4.15,0.5,259.33
4.15,0.5,259.28
4.15,0.5,259.23
4.15,0.5,259.18
4.15,0.5,259.13
4.15,0.5,259.08
4.15,0.5,259.03
4.15,0.5,258.98
4.15,0.5,258.93
4.15,0.5,258.88
4.15,0.5,258.83
4.15,0.5,258.78
4.15,0.5,258.73
4.15,0.5,258.68
4.15,0.5,258.63
4.15,0.5,258.58
4.15,0.5,258.53
4.15,0.5,258.48
4.15,0.5,258.43
4.15,0.5,258.38
4.15,0.5,258.33
4.15,0.5,258.28
4.15,0.5,258.23
4.15,0.5,258.18
4.15,0.5,258.13
4.15,0.5,258.08
4.15,0.5,258.03
4.25,0.5,260.22
4.25,0.5,260.17
4.25,0.5,260.12
4.25,0.5,260.07
4.25,0.5,260.02
4.25,0.5,259.97
4.25,0.5,259.92
4.25,0.5,259.87
4.25,0.5,259.82
4.25,0.5,259.77
4.25,0.5,259.72
4.25,0.5,259.67
4.25,0.5,259.62
4.25,0.5,259.57
4.25,0.5,259.52
4.25,0.5,259.47
4.25,0.5,259.42
4.25,0.5,259.37
4.25,0.5,259.32
4.25,0.5,259.27
4.25,0.5,259.22
4.25,0.5,259.17
4.25,0.5,259.12
4.25,0.5,259.07
4.25,0.5,259.02
4.25,0.5,258.97
4.25,0.5,258.92
4.25,0.5,258.87
4.25,0.5,258.82
4.25,0.5,258.77
4.25,0.5,258.72
4.25,0.5,258.67
4.25,0.5,258.62
4.25,0.5,258.57
4.25,0.5,258.52
4.25,0.5,258.47
4.25,0.5,258.42
4.25,0.5,258.37
4.25,0.5,258.32
4.25,0.5,258.27
4.25,0.5,258.22
4.25,0.5,258.17
4.25,0.5,258.12
4.25,0.5,258.07
4.25,0.5,258.02
4.15,0.5,257.98
4.15,0.5,257.93
4.15,0.5,257.88
4.15,0.5,257.83
4.15,0.5,257.78
4.15,0.5,257.73
4.15,0.5,257.56
4.15,0.5,257.01
4.15,0.5,255.96
4.15,0.5,254.41
4.15,0.5,252.36
4.15,0.5,249.81
4.15,0.5,246.76
4.15,0.5,243.21
4.25,0.5,257.97
4.25,0.5,257.92
4.25,0.5,257.87
4.25,0.5,257.82
4.25,0.5,257.77
4.25,0.5,257.59
4.25,0.5,257.04
4.25,0.5,255.99
4.25,0.5,254.44
4.25,0.5,252.39
4.25,0.5,249.84
4.25,0.5,246.79
4.25,0.5,243.24
4.35,0.5,260.25
4.35,0.5,260.2
4.35,0.5,260.15
4.35,0.5,260.1
4.35,0.5,260.05
4.35,0.5,260
4.35,0.5,259.95
4.35,0.5,259.9
4.35,0.5,259.85
4.35,0.5,259.8
4.35,0.5,259.75
4.35,0.5,259.7
4.35,0.5,259.65
4.35,0.5,259.6
4.35,0.5,259.55
4.35,0.5,259.5
4.35,0.5,259.45
4.35,0.5,259.4
4.35,0.5,259.35
4.35,0.5,259.3
4.35,0.5,259.25
4.35,0.5,259.2
4.35,0.5,259.15
4.35,0.5,259.1
4.35,0.5,259.05
4.35,0.5,259
4.35,0.5,258.95
4.35,0.5,258.9
4.35,0.5,258.85
4.35,0.5,258.8
4.35,0.5,258.75
4.35,0.5,258.7
4.35,0.5,258.65
4.35,0.5,258.6
4.35,0.5,258.55
4.35,0.5,258.5
4.35,0.5,258.45
4.35,0.5,258.4
4.35,0.5,258.35
4.35,0.5,258.3
4.35,0.5,258.25
4.35,0.5,258.2
4.35,0.5,258.15
4.35,0.5,258.1
4.35,0.5,258.05
4.45,0.5,260.28
4.45,0.5,260.23
4.45,0.5,260.18
4.45,0.5,260.13
4.45,0.5,260.08
4.45,0.5,260.03
4.45,0.5,259.98
4.45,0.5,259.93
4.45,0.5,259.88
4.45,0.5,259.83
4.45,0.5,259.78
4.45,0.5,259.73
4.45,0.5,259.68
4.45,0.5,259.63
4.45,0.5,259.58
4.45,0.5,259.53
4.45,0.5,259.48
4.45,0.5,259.43
4.45,0.5,259.38
4.45,0.5,259.33
4.45,0.5,259.28
4.45,0.5,259.23
4.45,0.5,259.18
4.45,0.5,259.13
4.45,0.5,259.08
4.45,0.5,259.03
4.45,0.5,258.98
4.45,0.5,258.93
4.45,0.5,258.88
4.45,0.5,258.83
4.45,0.5,258.78
4.45,0.5,258.73
4.45,0.5,258.68
4.45,0.5,258.63
4.45,0.5,258.58
4.45,0.5,258.53
4.45,0.5,258.48
4.45,0.5,258.43
4.45,0.5,258.38
4.45,0.5,258.33
4.45,0.5,258.28
4.45,0.5,258.23
4.45,0.5,258.18
4.45,0.5,258.13
4.45,0.5,258.08
4.45,0.5,258.03
4.35,0.5,258
4.35,0.5,257.95
4.35,0.5,257.9
4.35,0.5,257.85
4.35,0.5,257.8
4.35,0.5,257.62
4.35,0.5,257.07
4.35,0.5,256.02
4.35,0.5,254.47
4.35,0.5,252.42
4.35,0.5,249.87
4.35,0.5,246.82
4.35,0.5,243.27
4.45,0.5,257.98
4.45,0.5,257.93
4.45,0.5,257.88
4.45,0.5,257.83
4.45,0.5,257.66
4.45,0.5,257.11
4.45,0.5,256.06
4.45,0.5,254.51
4.45,0.5,252.46
4.45,0.5,249.91
4.45,0.5,246.86
4.45,0.5,243.31
4.55,0.5,260.32
4.55,0.5,260.27
4.55,0.5,260.22
4.55,0.5,260.17
4.55,0.5,260.12
4.55,0.5,260.07
4.55,0.5,260.02
4.55,0.5,259.97
4.55,0.5,259.92
4.55,0.5,259.87
4.55,0.5,259.82
4.55,0.5,259.77
4.55,0.5,259.72
4.55,0.5,259.67
4.55,0.5,259.62
4.55,0.5,259.57
4.55,0.5,259.52
4.55,0.5,259.47
4.55,0.5,259.42
4.55,0.5,259.37
4.55,0.5,259.32
4.55,0.5,259.27
4.55,0.5,259.22
4.55,0.5,259.17
4.55,0.5,259.12
4.55,0.5,259.07
4.55,0.5,259.02
4.55,0.5,258.97
4.55,0.5,258.92
4.55,0.5,258.87
4.55,0.5,258.82
4.55,0.5,258.77
4.55,0.5,258.72
4.55,0.5,258.67
4.55,0.5,258.62
4.55,0.5,258.57
4.55,0.5,258.52
4.55,0.5,258.47
4.55,0.5,258.42
4.55,0.5,258.37
4.55,0.5,258.32
4.55,0.5,258.27
4.55,0.5,258.22
4.55,0.5,258.17
4.55,0.5,258.12
4.55,0.5,258.07
4.65,0.5,260.35
4.65,0.5,260.3
4.65,0.5,260.25
4.65,0.5,260.2
4.65,0.5,260.15
4.65,0.5,260.1
4.65,0.5,260.05
4.65,0.5,260
4.65,0.5,259.95
4.65,0.5,259.9
4.65,0.5,259.85
4.65,0.5,259.8
4.65,0.5,259.75
4.65,0.5,259.7
4.65,0.5,259.65
4.65,0.5,259.6
4.65,0.5,259.55
4.65,0.5,259.5
4.65,0.5,259.45
4.65,0.5,259.4
4.65,0.5,259.35
4.65,0.5,259.3
4.65,0.5,259.25
4.65,0.5,259.2
4.65,0.5,259.15
4.65,0.5,259.1
4.65,0.5,259.05
4.65,0.5,259
4.65,0.5,258.95
4.65,0.5,258.9
4.65,0.5,258.85
4.65,0.5,258.8
4.65,0.5,258.75
4.65,0.5,258.7
4.65,0.5,258.65
4.65,0.5,258.6
4.65,0.5,258.55
4.65,0.5,258.5
4.65,0.5,258.45
4.65,0.5,258.4
4.65,0.5,258.35
4.65,0.5,258.3
4.65,0.5,258.25
4.65,0.5,258.2
4.65,0.5,258.15
4.65,0.5,258.1
4.65,0.5,258.05
4.55,0.5,258.02
4.55,0.5,257.97
4.55,0.5,257.92
4.55,0.5,257.87
4.55,0.5,257.69
4.55,0.5,257.14
4.55,0.5,256.09
4.55,0.5,254.54
4.55,0.5,252.49
4.55,0.5,249.94
4.55,0.5,246.89
4.55,0.5,243.34
4.65,0.5,258
4.65,0.5,257.95
4.65,0.5,257.9
4.65,0.5,257.72
4.65,0.5,257.17
4.65,0.5,256.12
4.65,0.5,254.57
4.65,0.5,252.52
4.65,0.5,249.97
4.65,0.5,246.92
4.65,0.5,243.37
4.75,0.5,260.38
4.75,0.5,260.33
4.75,0.5,260.28
4.75,0.5,260.23
4.75,0.5,260.18
4.75,0.5,260.13
4.75,0.5,260.08
4.75,0.5,260.03
4.75,0.5,259.98
4.75,0.5,259.93
4.75,0.5,259.88
4.75,0.5,259.83
4.75,0.5,259.78
4.75,0.5,259.73
4.75,0.5,259.68
4.75,0.5,259.63
4.75,0.5,259.58
4.75,0.5,259.53
4.75,0.5,259.48
4.75,0.5,259.43
4.75,0.5,259.38
4.75,0.5,259.33
4.75,0.5,259.28
4.75,0.5,259.23
4.75,0.5,259.18
4.75,0.5,259.13
4.75,0.5,259.08
4.75,0.5,259.03
4.75,0.5,258.98
4.75,0.5,258.93
4.75,0.5,258.88
4.75,0.5,258.83
4.75,0.5,258.78
4.75,0.5,258.73
4.75,0.5,258.68
4.75,0.5,258.63
4.75,0.5,258.58
4.75,0.5,258.53
4.75,0.5,258.48
4.75,0.5,258.43
4.75,0.5,258.38
4.75,0.5,258.33
4.75,0.5,258.28
4.75,0.5,258.23
4.75,0.5,258.18
4.75,0.5,258.13
4.75,0.5,258.08
4.75,0.5,258.03
4.85,0.5,260.41
4.85,0.5,260.36
4.85,0.5,260.31
4.85,0.5,260.26
4.85,0.5,260.21
4.85,0.5,260.16
4.85,0.5,260.11
4.85,0.5,260.06
4.85,0.5,260.01
4.85,0.5,259.96
4.85,0.5,259.91
4.85,0.5,259.86
4.85,0.5,259.81
4.85,0.5,259.76
4.85,0.5,259.71
4.85,0.5,259.66
4.85,0.5,259.61
4.85,0.5,259.56
4.85,0.5,259.51
4.85,0.5,259.46
4.85,0.5,259.41
4.85,0.5,259.36
4.85,0.5,259.31
4.85,0.5,259.26
4.85,0.5,259.21
4.85,0.5,259.16
4.85,0.5,259.11
4.85,0.5,259.06
4.85,0.5,259.01
4.85,0.5,258.96
4.85,0.5,258.91
4.85,0.5,258.86
4.85,0.5,258.81
4.85,0.5,258.76
4.85,0.5,258.71
4.85,0.5,258.66
4.85,0.5,258.61
4.85,0.5,258.56
4.85,0.5,258.51
4.85,0.5,258.46
4.85,0.5,258.41
4.85,0.5,258.36
4.85,0.5,258.31
4.85,0.5,258.26
4.85,0.5,258.21
4.85,0.5,258.16
4.85,0.5,258.11
4.85,0.5,258.06
4.75,0.5,257.98
4.75,0.5,257.93
4.75,0.5,257.76
4.75,0.5,257.21
4.75,0.5,256.16
4.75,0.5,254.61
4.75,0.5,252.56
4.75,0.5,250.01
4.75,0.5,246.96
4.75,0.5,243.41
4.85,0.5,258.01
4.85,0.5,257.96
4.85,0.5,257.79
4.85,0.5,257.24
4.85,0.5,256.19
4.85,0.5,254.64
4.85,0.5,252.59
4.85,0.5,250.04
4.85,0.5,246.99
4.85,0.5,243.44
4.95,0.5,260.45
4.95,0.5,260.4
4.95,0.5,260.35
4.95,0.5,260.3
4.95,0.5,260.25
4.95,0.5,260.2
4.95,0.5,260.15
4.95,0.5,260.1
4.95,0.5,260.05
4.95,0.5,260
4.95,0.5,259.95
4.95,0.5,259.9
4.95,0.5,259.85
4.95,0.5,259.8
4.95,0.5,259.75
4.95,0.5,259.7
4.95,0.5,259.65
4.95,0.5,259.6
4.95,0.5,259.55
4.95,0.5,259.5
4.95,0.5,259.45
4.95,0.5,259.4
4.95,0.5,259.35
4.95,0.5,259.3
4.95,0.5,259.25
4.95,0.5,259.2
4.95,0.5,259.15
4.95,0.5,259.1
4.95,0.5,259.05
4.95,0.5,259
4.95,0.5,258.95
4.95,0.5,258.9
4.95,0.5,258.85
4.95,0.5,258.8
4.95,0.5,258.75
4.95,0.5,258.7
4.95,0.5,258.65
4.95,0.5,258.6
4.95,0.5,258.55
4.95,0.5,258.5
4.95,0.5,258.45
4.95,0.5,258.4
4.95,0.5,258.35
4.95,0.5,258.3
4.95,0.5,258.25
4.95,0.5,258.2
4.95,0.5,258.15
4.95,0.5,258.1
4.95,0.5,258.05
5.05,0.5,260.47
5.05,0.5,260.42
5.05,0.5,260.37
5.05,0.5,260.32
5.05,0.5,260.27
5.05,0.5,260.22
5.05,0.5,260.17
5.05,0.5,260.12
5.05,0.5,260.07
5.05,0.5,260.02
5.05,0.5,259.97
5.05,0.5,259.92
5.05,0.5,259.87
5.05,0.5,259.82
5.05,0.5,259.77
5.05,0.5,259.72
5.05,0.5,259.67
5.05,0.5,259.62
5.05,0.5,259.57
5.05,0.5,259.52
5.05,0.5,259.47
5.05,0.5,259.42
5.05,0.5,259.37
5.05,0.5,259.32
5.05,0.5,259.27
5.05,0.5,259.22
5.05,0.5,259.17
5.05,0.5,259.12
5.05,0.5,259.07
5.05,0.5,259.02
5.05,0.5,258.97
5.05,0.5,258.92
5.05,0.5,258.87
5.05,0.5,258.82
5.05,0.5,258.77
5.05,0.5,258.72
5.05,0.5,258.67
5.05,0.5,258.62
5.05,0.5,258.57
5.05,0.5,258.52
5.05,0.5,258.47
5.05,0.5,258.42
5.05,0.5,258.37
5.05,0.5,258.32
5.05,0.5,258.27
5.05,0.5,258.22
5.05,0.5,258.17
5.05,0.5,258.12
5.05,0.5,258.07
5.05,0.5,258.02
4.95,0.5,258
4.95,0.5,257.82
4.95,0.5,257.27
4.95,0.5,256.22
4.95,0.5,254.67
4.95,0.5,252.62
4.95,0.5,250.07
4.95,0.5,247.02
4.95,0.5,243.47
5.05,0.5,257.84
5.05,0.5,257.29
5.05,0.5,256.24
5.05,0.5,254.69
5.05,0.5,252.64
5.05,0.5,250.09
5.05,0.5,247.04
5.05,0.5,243.49
5.15,0.5,260.49
5.15,0.5,260.44
5.15,0.5,260.39
5.15,0.5,260.34
5.15,0.5,260.29
5.15,0.5,260.24
5.15,0.5,260.19
5.15,0.5,260.14
5.15,0.5,260.09
5.15,0.5,260.04
5.15,0.5,259.99
5.15,0.5,259.94
5.15,0.5,259.89
5.15,0.5,259.84
5.15,0.5,259.79
5.15,0.5,259.74
5.15,0.5,259.69
5.15,0.5,259.64
5.15,0.5,259.59
5.15,0.5,259.54
5.15,0.5,259.49
5.15,0.5,259.44
5.15,0.5,259.39
5.15,0.5,259.34
5.15,0.5,259.29
5.15,0.5,259.24
5.15,0.5,259.19
5.15,0.5,259.14
5.15,0.5,259.09
5.15,0.5,259.04
5.15,0.5,258.99
5.15,0.5,258.94
5.15,0.5,258.89
5.15,0.5,258.84
5.15,0.5,258.79
5.15,0.5,258.74
5.15,0.5,258.69
5.15,0.5,258.64
5.15,0.5,258.59
5.15,0.5,258.54
5.15,0.5,258.49
5.15,0.5,258.44
5.15,0.5,258.39
5.15,0.5,258.34
5.15,0.5,258.29
5.15,0.5,258.24
5.15,0.5,258.19
5.15,0.5,258.14
5.15,0.5,258.09
5.15,0.5,258.04
5.25,0.5,260.5
5.25,0.5,260.45
5.25,0.5,260.4
5.25,0.5,260.35
5.25,0.5,260.3
5.25,0.5,260.25
5.25,0.5,260.2
5.25,0.5,260.15
5.25,0.5,260.1
5.25,0.5,260.05
5.25,0.5,260
5.25,0.5,259.95
5.25,0.5,259.9
5.25,0.5,259.85
5.25,0.5,259.8
5.25,0.5,259.75
5.25,0.5,259.7
5.25,0.5,259.65
5.25,0.5,259.6
5.25,0.5,259.55
5.25,0.5,259.5
5.25,0.5,259.45
5.25,0.5,259.4
5.25,0.5,259.35
5.25,0.5,259.3
5.25,0.5,259.25
5.25,0.5,259.2
5.25,0.5,259.15
5.25,0.5,259.1
5.25,0.5,259.05
5.25,0.5,259
5.25,0.5,258.95
5.25,0.5,258.9
5.25,0.5,258.85
5.25,0.5,258.8
5.25,0.5,258.75
5.25,0.5,258.7
5.25,0.5,258.65
5.25,0.5,258.6
5.25,0.5,258.55
5.25,0.5,258.5
5.25,0.5,258.45
5.25,0.5,258.4
5.25,0.5,258.35
5.25,0.5,258.3
5.25,0.5,258.25
5.25,0.5,258.2
5.25,0.5,258.15
5.25,0.5,258.1
5.25,0.5,258.05
5.15,0.5,257.86
5.15,0.5,257.31
5.15,0.5,256.26
5.15,0.5,254.71
5.15,0.5,252.66
5.15,0.5,250.11
5.15,0.5,247.06
5.15,0.5,243.51
5.25,0.5,257.88
5.25,0.5,257.33
5.25,0.5,256.28
5.25,0.5,254.73
5.25,0.5,252.68
5.25,0.5,250.13
5.25,0.5,247.08
5.25,0.5,243.53
5.35,0.5,260.52
5.35,0.5,260.47
5.35,0.5,260.42
5.35,0.5,260.37
5.35,0.5,260.32
5.35,0.5,260.27
5.35,0.5,260.22
5.35,0.5,260.17
5.35,0.5,260.12
5.35,0.5,260.07
5.35,0.5,260.02
5.35,0.5,259.97
5.35,0.5,259.92
5.35,0.5,259.87
5.35,0.5,259.82
5.35,0.5,259.77
5.35,0.5,259.72
5.35,0.5,259.67
5.35,0.5,259.62
5.35,0.5,259.57
5.35,0.5,259.52
5.35,0.5,259.47
5.35,0.5,259.42
5.35,0.5,259.37
5.35,0.5,259.32
5.35,0.5,259.27
5.35,0.5,259.22
5.35,0.5,259.17
5.35,0.5,259.12
5.35,0.5,259.07
5.35,0.5,259.02
5.35,0.5,258.97
5.35,0.5,258.92
5.35,0.5,258.87
5.35,0.5,258.82
5.35,0.5,258.77
5.35,0.5,258.72
5.35,0.5,258.67
5.35,0.5,258.62
5.35,0.5,258.57
5.35,0.5,258.52
5.35,0.5,258.47
5.35,0.5,258.42
5.35,0.5,258.37
5.35,0.5,258.32
5.35,0.5,258.27
5.35,0.5,258.22
5.35,0.5,258.17
5.35,0.5,258.12
5.35,0.5,258.07
5.45,0.5,260.54
5.45,0.5,260.49
5.45,0.5,260.44
5.45,0.5,260.39
5.45,0.5,260.34
5.45,0.5,260.29
5.45,0.5,260.24
5.45,0.5,260.19
5.45,0.5,260.14
5.45,0.5,260.09
5.45,0.5,260.04
5.45,0.5,259.99
5.45,0.5,259.94
5.45,0.5,259.89
5.45,0.5,259.84
5.45,0.5,259.79
5.45,0.5,259.74
5.45,0.5,259.69
5.45,0.5,259.64
5.45,0.5,259.59
5.45,0.5,259.54
5.45,0.5,259.49
5.45,0.5,259.44
5.45,0.5,259.39
5.45,0.5,259.34
5.45,0.5,259.29
5.45,0.5,259.24
5.45,0.5,259.19
5.45,0.5,259.14
5.45,0.5,259.09
5.45,0.5,259.04
5.45,0.5,258.99
5.45,0.5,258.94
5.45,0.5,258.89
5.45,0.5,258.84
5.45,0.5,258.79
5.45,0.5,258.74
5.45,0.5,258.69
5.45,0.5,258.64
5.45,0.5,258.59
5.45,0.5,258.54
5.45,0.5,258.49
5.45,0.5,258.44
5.45,0.5,258.39
5.45,0.5,258.34
5.45,0.5,258.29
5.45,0.5,258.24
5.45,0.5,258.19
5.45,0.5,258.14
5.45,0.5,258.09
5.35,0.5,257.9
5.35,0.5,257.35
5.35,0.5,256.3
5.35,0.5,254.75
5.35,0.5,252.7
5.35,0.5,250.15
5.35,0.5,247.1
5.35,0.5,243.55
5.45,0.5,257.91
5.45,0.5,257.36
5.45,0.5,256.31
5.45,0.5,254.76
5.45,0.5,252.71
5.45,0.5,250.16
5.45,0.5,247.11
5.45,0.5,243.56
5.55,0.5,260.55
5.55,0.5,260.5
5.55,0.5,260.45
5.55,0.5,260.4
5.55,0.5,260.35
5.55,0.5,260.3
5.55,0.5,260.25
5.55,0.5,260.2
5.55,0.5,260.15
5.55,0.5,260.1
5.55,0.5,260.05
5.55,0.5,260
5.55,0.5,259.95
5.55,0.5,259.9
5.55,0.5,259.85
5.55,0.5,259.8
5.55,0.5,259.75
5.55,0.5,259.7
5.55,0.5,259.65
5.55,0.5,259.6
5.55,0.5,259.55
5.55,0.5,259.5
5.55,0.5,259.45
5.55,0.5,259.4
5.55,0.5,259.35
5.55,0.5,259.3
5.55,0.5,259.25
5.55,0.5,259.2
5.55,0.5,259.15
5.55,0.5,259.1
5.55,0.5,259.05
5.55,0.5,259
5.55,0.5,258.95
5.55,0.5,258.9
5.55,0.5,258.85
5.55,0.5,258.8
5.55,0.5,258.75
5.55,0.5,258.7
5.55,0.5,258.65
5.55,0.5,258.6
5.55,0.5,258.55
5.55,0.5,258.5
5.55,0.5,258.45
5.55,0.5,258.4
5.55,0.5,258.35
5.55,0.5,258.3
5.55,0.5,258.25
5.55,0.5,258.2
5.55,0.5,258.15
5.55,0.5,258.1
5.65,0.5,260.57
5.65,0.5,260.52
5.65,0.5,260.47
5.65,0.5,260.42
5.65,0.5,260.37
5.65,0.5,260.32
5.65,0.5,260.27
5.65,0.5,260.22
5.65,0.5,260.17
5.65,0.5,260.12
5.65,0.5,260.07
5.65,0.5,260.02
5.65,0.5,259.97
5.65,0.5,259.92
5.65,0.5,259.87
5.65,0.5,259.82
5.65,0.5,259.77
5.65,0.5,259.72
5.65,0.5,259.67
5.65,0.5,259.62
5.65,0.5,259.57
5.65,0.5,259.52
5.65,0.5,259.47
5.65,0.5,259.42
5.65,0.5,259.37
5.65,0.5,259.32
5.65,0.5,259.27
5.65,0.5,259.22
5.65,0.5,259.17
5.65,0.5,259.12
5.65,0.5,259.07
5.65,0.5,259.02
5.65,0.5,258.97
5.65,0.5,258.92
5.65,0.5,258.87
5.65,0.5,258.82
5.65,0.5,258.77
5.65,0.5,258.72
5.65,0.5,258.67
5.65,0.5,258.62
5.65,0.5,258.57
5.65,0.5,258.52
5.65,0.5,258.47
5.65,0.5,258.42
5.65,0.5,258.37
5.65,0.5,258.32
5.65,0.5,258.27
5.65,0.5,258.22
5.65,0.5,258.17
5.65,0.5,258.12
5.55,0.5,257.93
5.55,0.5,257.38
5.55,0.5,256.33
5.55,0.5,254.78
5.55,0.5,252.73
5.55,0.5,250.18
5.55,0.5,247.13
5.55,0.5,243.58
5.65,0.5,257.95
5.65,0.5,257.4
5.65,0.5,256.35
5.65,0.5,254.8
5.65,0.5,252.75
5.65,0.5,250.2
5.65,0.5,247.15
5.65,0.5,243.6
5.75,0.5,260.59
5.75,0.5,260.54
5.75,0.5,260.49
5.75,0.5,260.44
5.75,0.5,260.39
5.75,0.5,260.34
5.75,0.5,260.29
5.75,0.5,260.24
5.75,0.5,260.19
5.75,0.5,260.14
5.75,0.5,260.09
5.75,0.5,260.04
5.75,0.5,259.99
5.75,0.5,259.94
5.75,0.5,259.89
5.75,0.5,259.84
5.75,0.5,259.79
5.75,0.5,259.74
5.75,0.5,259.69
5.75,0.5,259.64
5.75,0.5,259.59
5.75,0.5,259.54
5.75,0.5,259.49
5.75,0.5,259.44
5.75,0.5,259.39
5.75,0.5,259.34
5.75,0.5,259.29
5.75,0.5,259.24
5.75,0.5,259.19
5.75,0.5,259.14
5.75,0.5,259.09
5.75,0.5,259.04
5.75,0.5,258.99
5.75,0.5,258.94
5.75,0.5,258.89
5.75,0.5,258.84
5.75,0.5,258.79
5.75,0.5,258.74
5.75,0.5,258.69
5.75,0.5,258.64
5.75,0.5,258.59
5.75,0.5,258.54
5.75,0.5,258.49
5.75,0.5,258.44
5.75,0.5,258.39
5.75,0.5,258.34
5.75,0.5,258.29
5.75,0.5,258.24
5.75,0.5,258.19
5.75,0.5,258.14
5.85,0.5,260.6
5.85,0.5,260.55
5.85,0.5,260.5
5.85,0.5,260.45
5.85,0.5,260.4
5.85,0.5,260.35
5.85,0.5,260.3
5.85,0.5,260.25
5.85,0.5,260.2
5.85,0.5,260.15
5.85,0.5,260.1
5.85,0.5,260.05
5.85,0.5,260
5.85,0.5,259.95
5.85,0.5,259.9
5.85,0.5,259.85
5.85,0.5,259.8
5.85,0.5,259.75
5.85,0.5,259.7
5.85,0.5,259.65
5.85,0.5,259.6
5.85,0.5,259.55
5.85,0.5,259.5
5.85,0.5,259.45
5.85,0.5,259.4
5.85,0.5,259.35
5.85,0.5,259.3
5.85,0.5,259.25
5.85,0.5,259.2
5.85,0.5,259.15
5.85,0.5,259.1
5.85,0.5,259.05
5.85,0.5,259
5.85,0.5,258.95
5.85,0.5,258.9
5.85,0.5,258.85
5.85,0.5,258.8
5.85,0.5,258.75
5.85,0.5,258.7
5.85,0.5,258.65
5.85,0.5,258.6
5.85,0.5,258.55
5.85,0.5,258.5
5.85,0.5,258.45
5.85,0.5,258.4
5.85,0.5,258.35
5.85,0.5,258.3
5.85,0.5,258.25
5.85,0.5,258.2
5.85,0.5,258.15
5.75,0.5,257.96
5.75,0.5,257.41
5.75,0.5,256.36
5.75,0.5,254.81
5.75,0.5,252.76
5.75,0.5,250.21
5.75,0.5,247.16
5.75,0.5,243.61
5.85,0.5,257.98
5.85,0.5,257.43
5.85,0.5,256.38
5.85,0.5,254.83
5.85,0.5,252.78
5.85,0.5,250.23
5.85,0.5,247.18
5.85,0.5,243.63
5.95,0.5,260.62
5.95,0.5,260.57
5.95,0.5,260.52
5.95,0.5,260.47
5.95,0.5,260.42
5.95,0.5,260.37
5.95,0.5,260.32
5.95,0.5,260.27
5.95,0.5,260.22
5.95,0.5,260.17
5.95,0.5,260.12
5.95,0.5,260.07
5.95,0.5,260.02
5.95,0.5,259.97
5.95,0.5,259.92
5.95,0.5,259.87
5.95,0.5,259.82
5.95,0.5,259.77
5.95,0.5,259.72
5.95,0.5,259.67
5.95,0.5,259.62
5.95,0.5,259.57
5.95,0.5,259.52
5.95,0.5,259.47
5.95,0.5,259.42
5.95,0.5,259.37
5.95,0.5,259.32
5.95,0.5,259.27
5.95,0.5,259.22
5.95,0.5,259.17
5.95,0.5,259.12
5.95,0.5,259.07
5.95,0.5,259.02
5.95,0.5,258.97
5.95,0.5,258.92
5.95,0.5,258.87
5.95,0.5,258.82
5.95,0.5,258.77
5.95,0.5,258.72
5.95,0.5,258.67
5.95,0.5,258.62
5.95,0.5,258.57
5.95,0.5,258.52
5.95,0.5,258.47
5.95,0.5,258.42
5.95,0.5,258.37
5.95,0.5,258.32
5.95,0.5,258.27
5.95,0.5,258.22
5.95,0.5,258.17
6.05,0.5,260.64
6.05,0.5,260.59
6.05,0.5,260.54
6.05,0.5,260.49
6.05,0.5,260.44
6.05,0.5,260.39
6.05,0.5,260.34
6.05,0.5,260.29
6.05,0.5,260.24
6.05,0.5,260.19
6.05,0.5,260.14
6.05,0.5,260.09
6.05,0.5,260.04
6.05,0.5,259.99
6.05,0.5,259.94
6.05,0.5,259.89
6.05,0.5,259.84
6.05,0.5,259.79
6.05,0.5,259.74
6.05,0.5,259.69
6.05,0.5,259.64
6.05,0.5,259.59
6.05,0.5,259.54
6.05,0.5,259.49
6.05,0.5,259.44
6.05,0.5,259.39
6.05,0.5,259.34
6.05,0.5,259.29
6.05,0.5,259.24
6.05,0.5,259.19
6.05,0.5,259.14
6.05,0.5,259.09
6.05,0.5,259.04
6.05,0.5,258.99
6.05,0.5,258.94
6.05,0.5,258.89
6.05,0.5,258.84
6.05,0.5,258.79
6.05,0.5,258.74
6.05,0.5,258.69
6.05,0.5,258.64
6.05,0.5,258.59
6.05,0.5,258.54
6.05,0.5,258.49
6.05,0.5,258.44
6.05,0.5,258.39
6.05,0.5,258.34
6.05,0.5,258.29
6.05,0.5,258.24
6.05,0.5,258.19
6.05,0.5,258.01
5.95,0.5,258
5.95,0.5,257.45
5.95,0.5,256.4
5.95,0.5,254.85
5.95,0.5,252.8
5.95,0.5,250.25
5.95,0.5,247.2
5.95,0.5,243.65
6.05,0.5,257.46
6.05,0.5,256.41
6.05,0.5,254.86
6.05,0.5,252.81
6.05,0.5,250.26
6.05,0.5,247.21
6.05,0.5,243.66
6.15,0.5,260.65
6.15,0.5,260.6
6.15,0.5,260.55
6.15,0.5,260.5
6.15,0.5,260.45
6.15,0.5,260.4
6.15,0.5,260.35
6.15,0.5,260.3
6.15,0.5,260.25
6.15,0.5,260.2
6.15,0.5,260.15
6.15,0.5,260.1
6.15,0.5,260.05
6.15,0.5,260
6.15,0.5,259.95
6.15,0.5,259.9
6.15,0.5,259.85
6.15,0.5,259.8
6.15,0.5,259.75
6.15,0.5,259.7
6.15,0.5,259.65
6.15,0.5,259.6
6.15,0.5,259.55
6.15,0.5,259.5
6.15,0.5,259.45
6.15,0.5,259.4
6.15,0.5,259.35
6.15,0.5,259.3
6.15,0.5,259.25
6.15,0.5,259.2
6.15,0.5,259.15
6.15,0.5,259.1
6.15,0.5,259.05
6.15,0.5,259
6.15,0.5,258.95
6.15,0.5,258.9
6.15,0.5,258.85
6.15,0.5,258.8
6.15,0.5,258.75
6.15,0.5,258.7
6.15,0.5,258.65
6.15,0.5,258.6
6.15,0.5,258.55
6.15,0.5,258.5
6.15,0.5,258.45
6.15,0.5,258.4
6.15,0.5,258.35
6.15,0.5,258.3
6.15,0.5,258.25
6.15,0.5,258.2
6.15,0.5,258.03
6.25,0.5,260.66
6.25,0.5,260.61
6.25,0.5,260.56
6.25,0.5,260.51
6.25,0.5,260.46
6.25,0.5,260.41
6.25,0.5,260.36
6.25,0.5,260.31
6.25,0.5,260.26
6.25,0.5,260.21
6.25,0.5,260.16
6.25,0.5,260.11
6.25,0.5,260.06
6.25,0.5,260.01
6.25,0.5,259.96
6.25,0.5,259.91
6.25,0.5,259.86
6.25,0.5,259.81
6.25,0.5,259.76
6.25,0.5,259.71
6.25,0.5,259.66
6.25,0.5,259.61
6.25,0.5,259.56
6.25,0.5,259.51
6.25,0.5,259.46
6.25,0.5,259.41
6.25,0.5,259.36
6.25,0.5,259.31
6.25,0.5,259.26
6.25,0.5,259.21
6.25,0.5,259.16
6.25,0.5,259.11
6.25,0.5,259.06
6.25,0.5,259.01
6.25,0.5,258.96
6.25,0.5,258.91
6.25,0.5,258.86
6.25,0.5,258.81
6.25,0.5,258.76
6.25,0.5,258.71
6.25,0.5,258.66
6.25,0.5,258.61
6.25,0.5,258.56
6.25,0.5,258.51
6.25,0.5,258.46
6.25,0.5,258.41
6.25,0.5,258.36
6.25,0.5,258.31
6.25,0.5,258.26
6.25,0.5,258.21
6.25,0.5,258.04
6.15,0.5,257.48
6.15,0.5,256.43
6.15,0.5,254.88
6.15,0.5,252.83
6.15,0.5,250.28
6.15,0.5,247.23
6.15,0.5,243.68
6.25,0.5,257.49
6.25,0.5,256.44
6.25,0.5,254.89
6.25,0.5,252.84
6.25,0.5,250.29
6.25,0.5,247.24
6.25,0.5,243.69
6.35,0.5,260.68
6.35,0.5,260.63
6.35,0.5,260.58
6.35,0.5,260.53
6.35,0.5,260.48
6.35,0.5,260.43
6.35,0.5,260.38
6.35,0.5,260.33
6.35,0.5,260.28
6.35,0.5,260.23
6.35,0.5,260.18
6.35,0.5,260.13
6.35,0.5,260.08
6.35,0.5,260.03
6.35,0.5,259.98
6.35,0.5,259.93
6.35,0.5,259.88
6.35,0.5,259.83
6.35,0.5,259.78
6.35,0.5,259.73
6.35,0.5,259.68
6.35,0.5,259.63
6.35,0.5,259.58
6.35,0.5,259.53
6.35,0.5,259.48
6.35,0.5,259.43
6.35,0.5,259.38
6.35,0.5,259.33
6.35,0.5,259.28
6.35,0.5,259.23
6.35,0.5,259.18
6.35,0.5,259.13
6.35,0.5,259.08
6.35,0.5,259.03
6.35,0.5,258.98
6.35,0.5,258.93
6.35,0.5,258.88
6.35,0.5,258.83
6.35,0.5,258.78
6.35,0.5,258.73
6.35,0.5,258.68
6.35,0.5,258.63
6.35,0.5,258.58
6.35,0.5,258.53
6.35,0.5,258.48
6.35,0.5,258.43
6.35,0.5,258.38
6.35,0.5,258.33
6.35,0.5,258.28
6.35,0.5,258.23
6.35,0.5,258.05
6.45,0.5,260.69
6.45,0.5,260.64
6.45,0.5,260.59
6.45,0.5,260.54
6.45,0.5,260.49
6.45,0.5,260.44
6.45,0.5,260.39
6.45,0.5,260.34
6.45,0.5,260.29
6.45,0.5,260.24
6.45,0.5,260.19
6.45,0.5,260.14
6.45,0.5,260.09
6.45,0.5,260.04
6.45,0.5,259.99
6.45,0.5,259.94
6.45,0.5,259.89
6.45,0.5,259.84
6.45,0.5,259.79
6.45,0.5,259.74
6.45,0.5,259.69
6.45,0.5,259.64
6.45,0.5,259.59
6.45,0.5,259.54
6.45,0.5,259.49
6.45,0.5,259.44
6.45,0.5,259.39
6.45,0.5,259.34
6.45,0.5,259.29
6.45,0.5,259.24
6.45,0.5,259.19
6.45,0.5,259.14
6.45,0.5,259.09
6.45,0.5,259.04
6.45,0.5,258.99
6.45,0.5,258.94
6.45,0.5,258.89
6.45,0.5,258.84
6.45,0.5,258.79
6.45,0.5,258.74
6.45,0.5,258.69
6.45,0.5,258.64
6.45,0.5,258.59
6.45,0.5,258.54
6.45,0.5,258.49
6.45,0.5,258.44
6.45,0.5,258.39
6.45,0.5,258.34
6.45,0.5,258.29
6.45,0.5,258.24
6.45,0.5,258.07
6.35,0.5,257.5
6.35,0.5,256.45
6.35,0.5,254.9
6.35,0.5,252.85
6.35,0.5,250.3
6.35,0.5,247.25
6.35,0.5,243.7
6.45,0.5,257.52
6.45,0.5,256.47
6.45,0.5,254.92
6.45,0.5,252.87
6.45,0.5,250.32
6.45,0.5,247.27
6.45,0.5,243.72
6.55,0.5,260.71
6.55,0.5,260.66
6.55,0.5,260.61
6.55,0.5,260.56
6.55,0.5,260.51
6.55,0.5,260.46
6.55,0.5,260.41
6.55,0.5,260.36
6.55,0.5,260.31
6.55,0.5,260.26
6.55,0.5,260.21
6.55,0.5,260.16
6.55,0.5,260.11
6.55,0.5,260.06
6.55,0.5,260.01
6.55,0.5,259.96
6.55,0.5,259.91
6.55,0.5,259.86
6.55,0.5,259.81
6.55,0.5,259.76
6.55,0.5,259.71
6.55,0.5,259.66
6.55,0.5,259.61
6.55,0.5,259.56
6.55,0.5,259.51
6.55,0.5,259.46
6.55,0.5,259.41
6.55,0.5,259.36
6.55,0.5,259.31
6.55,0.5,259.26
6.55,0.5,259.21
6.55,0.5,259.16
6.55,0.5,259.11
6.55,0.5,259.06
6.55,0.5,259.01
6.55,0.5,258.96
6.55,0.5,258.91
6.55,0.5,258.86
6.55,0.5,258.81
6.55,0.5,258.76
6.55,0.5,258.71
6.55,0.5,258.66
6.55,0.5,258.61
6.55,0.5,258.56
6.55,0.5,258.51
6.55,0.5,258.46
6.55,0.5,258.41
6.55,0.5,258.36
6.55,0.5,258.31
6.55,0.5,258.26
6.55,0.5,258.08
6.65,0.5,260.72
6.65,0.5,260.67
6.65,0.5,260.62
6.65,0.5,260.57
6.65,0.5,260.52
6.65,0.5,260.47
6.65,0.5,260.42
6.65,0.5,260.37
6.65,0.5,260.32
6.65,0.5,260.27
6.65,0.5,260.22
6.65,0.5,260.17
6.65,0.5,260.12
6.65,0.5,260.07
6.65,0.5,260.02
6.65,0.5,259.97
6.65,0.5,259.92
6.65,0.5,259.87
6.65,0.5,259.82
6.65,0.5,259.77
6.65,0.5,259.72
6.65,0.5,259.67
6.65,0.5,259.62
6.65,0.5,259.57
6.65,0.5,259.52
6.65,0.5,259.47
6.65,0.5,259.42
6.65,0.5,259.37
6.65,0.5,259.32
6.65,0.5,259.27
6.65,0.5,259.22
6.65,0.5,259.17
6.65,0.5,259.12
6.65,0.5,259.07
6.65,0.5,259.02
6.65,0.5,258.97
6.65,0.5,258.92
6.65,0.5,258.87
6.65,0.5,258.82
6.65,0.5,258.77
6.65,0.5,258.72
6.65,0.5,258.67
6.65,0.5,258.62
6.65,0.5,258.57
6.65,0.5,258.52
6.65,0.5,258.47
6.65,0.5,258.42
6.65,0.5,258.37
6.65,0.5,258.32
6.65,0.5,258.27
6.65,0.5,258.09
6.55,0.5,257.53
6.55,0.5,256.48
6.55,0.5,254.93
6.55,0.5,252.88
6.55,0.5,250.33
6.55,0.5,247.28
6.55,0.5,243.73
6.65,0.5,257.54
6.65,0.5,256.49
6.65,0.5,254.94
6.65,0.5,252.89
6.65,0.5,250.34
6.65,0.5,247.29
6.65,0.5,243.74
6.75,0.5,260.73
6.75,0.5,260.68
6.75,0.5,260.63
6.75,0.5,260.58
6.75,0.5,260.53
6.75,0.5,260.48
6.75,0.5,260.43
6.75,0.5,260.38
6.75,0.5,260.33
6.75,0.5,260.28
6.75,0.5,260.23
6.75,0.5,260.18
6.75,0.5,260.13
6.75,0.5,260.08
6.75,0.5,260.03
6.75,0.5,259.98
6.75,0.5,259.93
6.75,0.5,259.88
6.75,0.5,259.83
6.75,0.5,259.78
6.75,0.5,259.73
6.75,0.5,259.68
6.75,0.5,259.63
6.75,0.5,259.58
6.75,0.5,259.53
6.75,0.5,259.48
6.75,0.5,259.43
6.75,0.5,259.38
6.75,0.5,259.33
6.75,0.5,259.28
6.75,0.5,259.23
6.75,0.5,259.18
6.75,0.5,259.13
6.75,0.5,259.08
6.75,0.5,259.03
6.75,0.5,258.98
6.75,0.5,258.93
6.75,0.5,258.88
6.75,0.5,258.83
6.75,0.5,258.78
6.75,0.5,258.73
6.75,0.5,258.68
6.75,0.5,258.63
6.75,0.5,258.58
6.75,0.5,258.53
6.75,0.5,258.48
6.75,0.5,258.43
6.75,0.5,258.38
6.75,0.5,258.33
6.75,0.5,258.28
6.75,0.5,258.11
6.85,0.5,260.75
6.85,0.5,260.7
6.85,0.5,260.65
6.85,0.5,260.6
6.85,0.5,260.55
6.85,0.5,260.5
6.85,0.5,260.45
6.85,0.5,260.4
6.85,0.5,260.35
6.85,0.5,260.3
6.85,0.5,260.25
6.85,0.5,260.2
6.85,0.5,260.15
6.85,0.5,260.1
6.85,0.5,260.05
6.85,0.5,260
6.85,0.5,259.95
6.85,0.5,259.9
6.85,0.5,259.85
6.85,0.5,259.8
6.85,0.5,259.75
6.85,0.5,259.7
6.85,0.5,259.65
6.85,0.5,259.6
6.85,0.5,259.55
6.85,0.5,259.5
6.85,0.5,259.45
6.85,0.5,259.4
6.85,0.5,259.35
6.85,0.5,259.3
6.85,0.5,259.25
6.85,0.5,259.2
6.85,0.5,259.15
6.85,0.5,259.1
6.85,0.5,259.05
6.85,0.5,259
6.85,0.5,258.95
6.85,0.5,258.9
6.85,0.5,258.85
6.85,0.5,258.8
6.85,0.5,258.75
6.85,0.5,258.7
6.85,0.5,258.65
6.85,0.5,258.6
6.85,0.5,258.55
6.85,0.5,258.5
6.85,0.5,258.45
6.85,0.5,258.4
6.85,0.5,258.35
6.85,0.5,258.3
6.85,0.5,258.12
6.75,0.5,257.56
6.75,0.5,256.51
6.75,0.5,254.96
6.75,0.5,252.91
6.75,0.5,250.36
6.75,0.5,247.31
6.75,0.5,243.76
6.85,0.5,257.57
6.85,0.5,256.52
6.85,0.5,254.97
6.85,0.5,252.92
6.85,0.5,250.37
6.85,0.5,247.32
6.85,0.5,243.77
6.95,0.5,260.76
6.95,0.5,260.71
6.95,0.5,260.66
6.95,0.5,260.61
6.95,0.5,260.56
6.95,0.5,260.51
6.95,0.5,260.46
6.95,0.5,260.41
6.95,0.5,260.36
6.95,0.5,260.31
6.95,0.5,260.26
6.95,0.5,260.21
6.95,0.5,260.16
6.95,0.5,260.11
6.95,0.5,260.06
6.95,0.5,260.01
6.95,0.5,259.96
6.95,0.5,259.91
6.95,0.5,259.86
6.95,0.5,259.81
6.95,0.5,259.76
6.95,0.5,259.71
6.95,0.5,259.66
6.95,0.5,259.61
6.95,0.5,259.56
6.95,0.5,259.51
6.95,0.5,259.46
6.95,0.5,259.41
6.95,0.5,259.36
6.95,0.5,259.31
6.95,0.5,259.26
6.95,0.5,259.21
6.95,0.5,259.16
6.95,0.5,259.11
6.95,0.5,259.06
6.95,0.5,259.01
6.95,0.5,258.96
6.95,0.5,258.91
6.95,0.5,258.86
6.95,0.5,258.81
6.95,0.5,258.76
6.95,0.5,258.71
6.95,0.5,258.66
6.95,0.5,258.61
6.95,0.5,258.56
6.95,0.5,258.51
6.95,0.5,258.46
6.95,0.5,258.41
6.95,0.5,258.36
6.95,0.5,258.31
6.95,0.5,258.14
7.05,0.5,260.77
7.05,0.5,260.72
7.05,0.5,260.67
7.05,0.5,260.62
7.05,0.5,260.57
7.05,0.5,260.52
7.05,0.5,260.47
7.05,0.5,260.42
7.05,0.5,260.37
7.05,0.5,260.32
7.05,0.5,260.27
7.05,0.5,260.22
7.05,0.5,260.17
7.05,0.5,260.12
7.05,0.5,260.07
7.05,0.5,260.02
7.05,0.5,259.97
7.05,0.5,259.92
7.05,0.5,259.87
7.05,0.5,259.82
7.05,0.5,259.77
7.05,0.5,259.72
7.05,0.5,259.67
7.05,0.5,259.62
7.05,0.5,259.57
7.05,0.5,259.52
7.05,0.5,259.47
7.05,0.5,259.42
7.05,0.5,259.37
7.05,0.5,259.32
7.05,0.5,259.27
7.05,0.5,259.22
7.05,0.5,259.17
7.05,0.5,259.12
7.05,0.5,259.07
7.05,0.5,259.02
7.05,0.5,258.97
7.05,0.5,258.92
7.05,0.5,258.87
7.05,0.5,258.82
7.05,0.5,258.77
7.05,0.5,258.72
7.05,0.5,258.67
7.05,0.5,258.62
7.05,0.5,258.57
7.05,0.5,258.52
7.05,0.5,258.47
7.05,0.5,258.42
7.05,0.5,258.37
7.05,0.5,258.32
7.05,0.5,258.15
6.95,0.5,257.59
6.95,0.5,256.54
6.95,0.5,254.99
6.95,0.5,252.94
6.95,0.5,250.39
6.95,0.5,247.34
6.95,0.5,243.79
7.05,0.5,257.6
7.05,0.5,256.55
7.05,0.5,255
7.05,0.5,252.95
7.05,0.5,250.4
7.05,0.5,247.35
7.05,0.5,243.8
7.15,0.5,260.78
7.15,0.5,260.73
7.15,0.5,260.68
7.15,0.5,260.63
7.15,0.5,260.58
7.15,0.5,260.53
7.15,0.5,260.48
7.15,0.5,260.43
7.15,0.5,260.38
7.15,0.5,260.33
7.15,0.5,260.28
7.15,0.5,260.23
7.15,0.5,260.18
7.15,0.5,260.13
7.15,0.5,260.08
7.15,0.5,260.03
7.15,0.5,259.98
7.15,0.5,259.93
7.15,0.5,259.88
7.15,0.5,259.83
7.15,0.5,259.78
7.15,0.5,259.73
7.15,0.5,259.68
7.15,0.5,259.63
7.15,0.5,259.58
7.15,0.5,259.53
7.15,0.5,259.48
7.15,0.5,259.43
7.15,0.5,259.38
7.15,0.5,259.33
7.15,0.5,259.28
7.15,0.5,259.23
7.15,0.5,259.18
7.15,0.5,259.13
7.15,0.5,259.08
7.15,0.5,259.03
7.15,0.5,258.98
7.15,0.5,258.93
7.15,0.5,258.88
7.15,0.5,258.83
7.15,0.5,258.78
7.15,0.5,258.73
7.15,0.5,258.68
7.15,0.5,258.63
7.15,0.5,258.58
7.15,0.5,258.53
7.15,0.5,258.48
7.15,0.5,258.43
7.15,0.5,258.38
7.15,0.5,258.33
7.15,0.5,258.16
7.25,0.5,260.79
7.25,0.5,260.74
7.25,0.5,260.69
7.25,0.5,260.64
7.25,0.5,260.59
7.25,0.5,260.54
7.25,0.5,260.49
7.25,0.5,260.44
7.25,0.5,260.39
7.25,0.5,260.34
7.25,0.5,260.29
7.25,0.5,260.24
7.25,0.5,260.19
7.25,0.5,260.14
7.25,0.5,260.09
7.25,0.5,260.04
7.25,0.5,259.99
7.25,0.5,259.94
7.25,0.5,259.89
7.25,0.5,259.84
7.25,0.5,259.79
7.25,0.5,259.74
7.25,0.5,259.69
7.25,0.5,259.64
7.25,0.5,259.59
7.25,0.5,259.54
7.25,0.5,259.49
7.25,0.5,259.44
7.25,0.5,259.39
7.25,0.5,259.34
7.25,0.5,259.29
7.25,0.5,259.24
7.25,0.5,259.19
7.25,0.5,259.14
7.25,0.5,259.09
7.25,0.5,259.04
7.25,0.5,258.99
7.25,0.5,258.94
7.25,0.5,258.89
7.25,0.5,258.84
7.25,0.5,258.79
7.25,0.5,258.74
7.25,0.5,258.69
7.25,0.5,258.64
7.25,0.5,258.59
7.25,0.5,258.54
7.25,0.5,258.49
7.25,0.5,258.44
7.25,0.5,258.39
7.25,0.5,258.34
7.25,0.5,258.17
7.15,0.5,257.61
7.15,0.5,256.56
7.15,0.5,255.01
7.15,0.5,252.96
7.15,0.5,250.41
7.15,0.5,247.36
7.15,0.5,243.81
7.25,0.5,257.62
7.25,0.5,256.57
7.25,0.5,255.02
7.25,0.5,252.97
7.25,0.5,250.42
7.25,0.5,247.37
7.25,0.5,243.82
7.35,0.5,260.8
7.35,0.5,260.75
7.35,0.5,260.7
7.35,0.5,260.65
7.35,0.5,260.6
7.35,0.5,260.55
7.35,0.5,260.5
7.35,0.5,260.45
7.35,0.5,260.4
7.35,0.5,260.35
7.35,0.5,260.3
7.35,0.5,260.25
7.35,0.5,260.2
7.35,0.5,260.15
7.35,0.5,260.1
7.35,0.5,260.05
7.35,0.5,260
7.35,0.5,259.95
7.35,0.5,259.9
7.35,0.5,259.85
7.35,0.5,259.8
7.35,0.5,259.75
7.35,0.5,259.7
7.35,0.5,259.65
7.35,0.5,259.6
7.35,0.5,259.55
7.35,0.5,259.5
7.35,0.5,259.45
7.35,0.5,259.4
7.35,0.5,259.35
7.35,0.5,259.3
7.35,0.5,259.25
7.35,0.5,259.2
7.35,0.5,259.15
7.35,0.5,259.1
7.35,0.5,259.05
7.35,0.5,259
7.35,0.5,258.95
7.35,0.5,258.9
7.35,0.5,258.85
7.35,0.5,258.8
7.35,0.5,258.75
7.35,0.5,258.7
7.35,0.5,258.65
7.35,0.5,258.6
7.35,0.5,258.55
7.35,0.5,258.5
7.35,0.5,258.45
7.35,0.5,258.4
7.35,0.5,258.35
7.35,0.5,258.18
7.45,0.5,260.81
7.45,0.5,260.76
7.45,0.5,260.71
7.45,0.5,260.66
7.45,0.5,260.61
7.45,0.5,260.56
7.45,0.5,260.51
7.45,0.5,260.46
7.45,0.5,260.41
7.45,0.5,260.36
7.45,0.5,260.31
7.45,0.5,260.26
7.45,0.5,260.21
7.45,0.5,260.16
7.45,0.5,260.11
7.45,0.5,260.06
7.45,0.5,260.01
7.45,0.5,259.96
7.45,0.5,259.91
7.45,0.5,259.86
7.45,0.5,259.81
7.45,0.5,259.76
7.45,0.5,259.71
7.45,0.5,259.66
7.45,0.5,259.61
7.45,0.5,259.56
7.45,0.5,259.51
7.45,0.5,259.46
7.45,0.5,259.41
7.45,0.5,259.36
7.45,0.5,259.31
7.45,0.5,259.26
7.45,0.5,259.21
7.45,0.5,259.16
7.45,0.5,259.11
7.45,0.5,259.06
7.45,0.5,259.01
7.45,0.5,258.96
7.45,0.5,258.91
7.45,0.5,258.86
7.45,0.5,258.81
7.45,0.5,258.76
7.45,0.5,258.71
7.45,0.5,258.66
7.45,0.5,258.61
7.45,0.5,258.56
7.45,0.5,258.51
7.45,0.5,258.46
7.45,0.5,258.41
7.45,0.5,258.36
7.45,0.5,258.19
7.35,0.5,257.63
7.35,0.5,256.58
7.35,0.5,255.03
7.35,0.5,252.98
7.35,0.5,250.43
7.35,0.5,247.38
7.35,0.5,243.83
7.45,0.5,257.64
7.45,0.5,256.59
7.45,0.5,255.04
7.45,0.5,252.99
7.45,0.5,250.44
7.45,0.5,247.39
7.45,0.5,243.84
7.55,0.5,260.82
7.55,0.5,260.77
7.55,0.5,260.72
7.55,0.5,260.67
7.55,0.5,260.62
7.55,0.5,260.57
7.55,0.5,260.52
7.55,0.5,260.47
7.55,0.5,260.42
7.55,0.5,260.37
7.55,0.5,260.32
7.55,0.5,260.27
7.55,0.5,260.22
7.55,0.5,260.17
7.55,0.5,260.12
7.55,0.5,260.07
7.55,0.5,260.02
7.55,0.5,259.97
7.55,0.5,259.92
7.55,0.5,259.87
7.55,0.5,259.82
7.55,0.5,259.77
7.55,0.5,259.72
7.55,0.5,259.67
7.55,0.5,259.62
7.55,0.5,259.57
7.55,0.5,259.52
7.55,0.5,259.47
7.55,0.5,259.42
7.55,0.5,259.37
7.55,0.5,259.32
7.55,0.5,259.27
7.55,0.5,259.22
7.55,0.5,259.17
7.55,0.5,259.12
7.55,0.5,259.07
7.55,0.5,259.02
7.55,0.5,258.97
7.55,0.5,258.92
7.55,0.5,258.87
7.55,0.5,258.82
7.55,0.5,258.77
7.55,0.5,258.72
7.55,0.5,258.67
7.55,0.5,258.62
7.55,0.5,258.57
7.55,0.5,258.52
7.55,0.5,258.47
7.55,0.5,258.42
7.55,0.5,258.37
7.55,0.5,258.2
7.65,0.5,260.83
7.65,0.5,260.78
7.65,0.5,260.73
7.65,0.5,260.68
7.65,0.5,260.63
7.65,0.5,260.58
7.65,0.5,260.53
7.65,0.5,260.48
7.65,0.5,260.43
7.65,0.5,260.38
7.65,0.5,260.33
7.65,0.5,260.28
7.65,0.5,260.23
7.65,0.5,260.18
7.65,0.5,260.13
7.65,0.5,260.08
7.65,0.5,260.03
7.65,0.5,259.98
7.65,0.5,259.93
7.65,0.5,259.88
7.65,0.5,259.83
7.65,0.5,259.78
7.65,0.5,259.73
7.65,0.5,259.68
7.65,0.5,259.63
7.65,0.5,259.58
7.65,0.5,259.53
7.65,0.5,259.48
7.65,0.5,259.43
7.65,0.5,259.38
7.65,0.5,259.33
7.65,0.5,259.28
7.65,0.5,259.23
7.65,0.5,259.18
7.65,0.5,259.13
7.65,0.5,259.08
7.65,0.5,259.03
7.65,0.5,258.98
7.65,0.5,258.93
7.65,0.5,258.88
7.65,0.5,258.83
7.65,0.5,258.78
7.65,0.5,258.73
7.65,0.5,258.68
7.65,0.5,258.63
7.65,0.5,258.58
7.65,0.5,258.53
7.65,0.5,258.48
7.65,0.5,258.43
7.65,0.5,258.38
7.65,0.5,258.21
7.55,0.5,257.65
7.55,0.5,256.6
7.55,0.5,255.05
7.55,0.5,253
7.55,0.5,250.45
7.55,0.5,247.4
7.55,0.5,243.85
7.65,0.5,257.66
7.65,0.5,256.61
7.65,0.5,255.06
7.65,0.5,253.01
7.65,0.5,250.46
7.65,0.5,247.41
7.65,0.5,243.86
7.75,0.5,260.84
7.75,0.5,260.79
7.75,0.5,260.74
7.75,0.5,260.69
7.75,0.5,260.64
7.75,0.5,260.59
7.75,0.5,260.54
7.75,0.5,260.49
7.75,0.5,260.44
7.75,0.5,260.39
7.75,0.5,260.34
7.75,0.5,260.29
7.75,0.5,260.24
7.75,0.5,260.19
7.75,0.5,260.14
7.75,0.5,260.09
7.75,0.5,260.04
7.75,0.5,259.99
7.75,0.5,259.94
7.75,0.5,259.89
7.75,0.5,259.84
7.75,0.5,259.79
7.75,0.5,259.74
7.75,0.5,259.69
7.75,0.5,259.64
7.75,0.5,259.59
7.75,0.5,259.54
7.75,0.5,259.49
7.75,0.5,259.44
7.75,0.5,259.39
7.75,0.5,259.34
7.75,0.5,259.29
7.75,0.5,259.24
7.75,0.5,259.19
7.75,0.5,259.14
7.75,0.5,259.09
7.75,0.5,259.04
7.75,0.5,258.99
7.75,0.5,258.94
7.75,0.5,258.89
7.75,0.5,258.84
7.75,0.5,258.79
7.75,0.5,258.74
7.75,0.5,258.69
7.75,0.5,258.64
7.75,0.5,258.59
7.75,0.5,258.54
7.75,0.5,258.49
7.75,0.5,258.44
7.75,0.5,258.39
7.75,0.5,258.22
7.85,0.5,260.85
7.85,0.5,260.8
7.85,0.5,260.75
7.85,0.5,260.7
7.85,0.5,260.65
7.85,0.5,260.6
7.85,0.5,260.55
7.85,0.5,260.5
7.85,0.5,260.45
7.85,0.5,260.4
7.85,0.5,260.35
7.85,0.5,260.3
7.85,0.5,260.25
7.85,0.5,260.2
7.85,0.5,260.15
7.85,0.5,260.1
7.85,0.5,260.05
7.85,0.5,260
7.85,0.5,259.95
7.85,0.5,259.9
7.85,0.5,259.85
7.85,0.5,259.8
7.85,0.5,259.75
7.85,0.5,259.7
7.85,0.5,259.65
7.85,0.5,259.6
7.85,0.5,259.55
7.85,0.5,259.5
7.85,0.5,259.45
7.85,0.5,259.4
7.85,0.5,259.35
7.85,0.5,259.3
7.85,0.5,259.25
7.85,0.5,259.2
7.85,0.5,259.15
7.85,0.5,259.1
7.85,0.5,259.05
7.85,0.5,259
7.85,0.5,258.95
7.85,0.5,258.9
7.85,0.5,258.85
7.85,0.5,258.8
7.85,0.5,258.75
7.85,0.5,258.7
7.85,0.5,258.65
7.85,0.5,258.6
7.85,0.5,258.55
7.85,0.5,258.5
7.85,0.5,258.45
7.85,0.5,258.4
7.85,0.5,258.23
7.75,0.5,257.67
7.75,0.5,256.62
7.75,0.5,255.07
7.75,0.5,253.02
7.75,0.5,250.47
7.75,0.5,247.42
7.75,0.5,243.87
7.85,0.5,257.68
7.85,0.5,256.63
7.85,0.5,255.08
7.85,0.5,253.03
7.85,0.5,250.48
7.85,0.5,247.43
7.85,0.5,243.88
7.95,0.5,260.86
7.95,0.5,260.81
7.95,0.5,260.76
7.95,0.5,260.71
7.95,0.5,260.66
7.95,0.5,260.61
7.95,0.5,260.56
7.95,0.5,260.51
7.95,0.5,260.46
7.95,0.5,260.41
7.95,0.5,260.36
7.95,0.5,260.31
7.95,0.5,260.26
7.95,0.5,260.21
7.95,0.5,260.16
7.95,0.5,260.11
7.95,0.5,260.06
7.95,0.5,260.01
7.95,0.5,259.96
7.95,0.5,259.91
7.95,0.5,259.86
7.95,0.5,259.81
7.95,0.5,259.76
7.95,0.5,259.71
7.95,0.5,259.66
7.95,0.5,259.61
7.95,0.5,259.56
7.95,0.5,259.51
7.95,0.5,259.46
7.95,0.5,259.41
7.95,0.5,259.36
7.95,0.5,259.31
7.95,0.5,259.26
7.95,0.5,259.21
7.95,0.5,259.16
7.95,0.5,259.11
7.95,0.5,259.06
7.95,0.5,259.01
7.95,0.5,258.96
7.95,0.5,258.91
7.95,0.5,258.86
7.95,0.5,258.81
7.95,0.5,258.76
7.95,0.5,258.71
7.95,0.5,258.66
7.95,0.5,258.61
7.95,0.5,258.56
7.95,0.5,258.51
7.95,0.5,258.46
7.95,0.5,258.41
7.95,0.5,258.24
8.05,0.5,260.87
8.05,0.5,260.82
8.05,0.5,260.77
8.05,0.5,260.72
8.05,0.5,260.67
8.05,0.5,260.62
8.05,0.5,260.57
8.05,0.5,260.52
8.05,0.5,260.47
8.05,0.5,260.42
8.05,0.5,260.37
8.05,0.5,260.32
8.05,0.5,260.27
8.05,0.5,260.22
8.05,0.5,260.17
8.05,0.5,260.12
8.05,0.5,260.07
8.05,0.5,260.02
8.05,0.5,259.97
8.05,0.5,259.92
8.05,0.5,259.87
8.05,0.5,259.82
8.05,0.5,259.77
8.05,0.5,259.72
8.05,0.5,259.67
8.05,0.5,259.62
8.05,0.5,259.57
8.05,0.5,259.52
8.05,0.5,259.47
8.05,0.5,259.42
8.05,0.5,259.37
8.05,0.5,259.32
8.05,0.5,259.27
8.05,0.5,259.22
8.05,0.5,259.17
8.05,0.5,259.12
8.05,0.5,259.07
8.05,0.5,259.02
8.05,0.5,258.97
8.05,0.5,258.92
8.05,0.5,258.87
8.05,0.5,258.82
8.05,0.5,258.77
8.05,0.5,258.72
8.05,0.5,258.67
8.05,0.5,258.62
8.05,0.5,258.57
8.05,0.5,258.52
8.05,0.5,258.47
8.05,0.5,258.42
8.05,0.5,258.25
7.95,0.5,257.69
7.95,0.5,256.64
7.95,0.5,255.09
7.95,0.5,253.04
7.95,0.5,250.49
7.95,0.5,247.44
7.95,0.5,243.89
8.05,0.5,257.7
8.05,0.5,256.65
8.05,0.5,255.1
8.05,0.5,253.05
8.05,0.5,250.5
8.05,0.5,247.45
8.05,0.5,243.9
8.15,0.5,260.88
8.15,0.5,260.83
8.15,0.5,260.78
8.15,0.5,260.73
8.15,0.5,260.68
8.15,0.5,260.63
8.15,0.5,260.58
8.15,0.5,260.53
8.15,0.5,260.48
8.15,0.5,260.43
8.15,0.5,260.38
8.15,0.5,260.33
8.15,0.5,260.28
8.15,0.5,260.23
8.15,0.5,260.18
8.15,0.5,260.13
8.15,0.5,260.08
8.15,0.5,260.03
8.15,0.5,259.98
8.15,0.5,259.93
8.15,0.5,259.88
8.15,0.5,259.83
8.15,0.5,259.78
8.15,0.5,259.73
8.15,0.5,259.68
8.15,0.5,259.63
8.15,0.5,259.58
8.15,0.5,259.53
8.15,0.5,259.48
8.15,0.5,259.43
8.15,0.5,259.38
8.15,0.5,259.33
8.15,0.5,259.28
8.15,0.5,259.23
8.15,0.5,259.18
8.15,0.5,259.13
8.15,0.5,259.08
8.15,0.5,259.03
8.15,0.5,258.98
8.15,0.5,258.93
8.15,0.5,258.88
8.15,0.5,258.83
8.15,0.5,258.78
8.15,0.5,258.73
8.15,0.5,258.68
8.15,0.5,258.63
8.15,0.5,258.58
8.15,0.5,258.53
8.15,0.5,258.48
8.15,0.5,258.43
8.15,0.5,258.26
8.25,0.5,260.89
8.25,0.5,260.84
8.25,0.5,260.79
8.25,0.5,260.74
8.25,0.5,260.69
8.25,0.5,260.64
8.25,0.5,260.59
8.25,0.5,260.54
8.25,0.5,260.49
8.25,0.5,260.44
8.25,0.5,260.39
8.25,0.5,260.34
8.25,0.5,260.29
8.25,0.5,260.24
8.25,0.5,260.19
8.25,0.5,260.14
8.25,0.5,260.09
8.25,0.5,260.04
8.25,0.5,259.99
8.25,0.5,259.94
8.25,0.5,259.89
8.25,0.5,259.84
8.25,0.5,259.79
8.25,0.5,259.74
8.25,0.5,259.69
8.25,0.5,259.64
8.25,0.5,259.59
8.25,0.5,259.54
8.25,0.5,259.49
8.25,0.5,259.44
8.25,0.5,259.39
8.25,0.5,259.34
8.25,0.5,259.29
8.25,0.5,259.24
8.25,0.5,259.19
8.25,0.5,259.14
8.25,0.5,259.09
8.25,0.5,259.04
8.25,0.5,258.99
8.25,0.5,258.94
8.25,0.5,258.89
8.25,0.5,258.84
8.25,0.5,258.79
8.25,0.5,258.74
8.25,0.5,258.69
8.25,0.5,258.64
8.25,0.5,258.59
8.25,0.5,258.54
8.25,0.5,258.49
8.25,0.5,258.44
8.25,0.5,258.26
8.15,0.5,257.71
8.15,0.5,256.66
8.15,0.5,255.11
8.15,0.5,253.06
8.15,0.5,250.51
8.15,0.5,247.46
8.15,0.5,243.91
8.25,0.5,257.71
8.25,0.5,256.66
8.25,0.5,255.11
8.25,0.5,253.06
8.25,0.5,250.51
8.25,0.5,247.46
8.25,0.5,243.91
8.35,0.5,260.9
8.35,0.5,260.85
8.35,0.5,260.8
8.35,0.5,260.75
8.35,0.5,260.7
8.35,0.5,260.65
8.35,0.5,260.6
8.35,0.5,260.55
8.35,0.5,260.5
8.35,0.5,260.45
8.35,0.5,260.4
8.35,0.5,260.35
8.35,0.5,260.3
8.35,0.5,260.25
8.35,0.5,260.2
8.35,0.5,260.15
8.35,0.5,260.1
8.35,0.5,260.05
8.35,0.5,260
8.35,0.5,259.95
8.35,0.5,259.9
8.35,0.5,259.85
8.35,0.5,259.8
8.35,0.5,259.75
8.35,0.5,259.7
8.35,0.5,259.65
8.35,0.5,259.6
8.35,0.5,259.55
8.35,0.5,259.5
8.35,0.5,259.45
8.35,0.5,259.4
8.35,0.5,259.35
8.35,0.5,259.3
8.35,0.5,259.25
8.35,0.5,259.2
8.35,0.5,259.15
8.35,0.5,259.1
8.35,0.5,259.05
8.35,0.5,259
8.35,0.5,258.95
8.35,0.5,258.9
8.35,0.5,258.85
8.35,0.5,258.8
8.35,0.5,258.75
8.35,0.5,258.7
8.35,0.5,258.65
8.35,0.5,258.6
8.35,0.5,258.55
8.35,0.5,258.5
8.35,0.5,258.45
8.35,0.5,258.27
8.45,0.5,260.91
8.45,0.5,260.86
8.45,0.5,260.81
8.45,0.5,260.76
8.45,0.5,260.71
8.45,0.5,260.66
8.45,0.5,260.61
8.45,0.5,260.56
8.45,0.5,260.51
8.45,0.5,260.46
8.45,0.5,260.41
8.45,0.5,260.36
8.45,0.5,260.31
8.45,0.5,260.26
8.45,0.5,260.21
8.45,0.5,260.16
8.45,0.5,260.11
8.45,0.5,260.06
8.45,0.5,260.01
8.45,0.5,259.96
8.45,0.5,259.91
8.45,0.5,259.86
8.45,0.5,259.81
8.45,0.5,259.76
8.45,0.5,259.71
8.45,0.5,259.66
8.45,0.5,259.61
8.45,0.5,259.56
8.45,0.5,259.51
8.45,0.5,259.46
8.45,0.5,259.41
8.45,0.5,259.36
8.45,0.5,259.31
8.45,0.5,259.26
8.45,0.5,259.21
8.45,0.5,259.16
8.45,0.5,259.11
8.45,0.5,259.06
8.45,0.5,259.01
8.45,0.5,258.96
8.45,0.5,258.91
8.45,0.5,258.86
8.45,0.5,258.81
8.45,0.5,258.76
8.45,0.5,258.71
8.45,0.5,258.66
8.45,0.5,258.61
8.45,0.5,258.56
8.45,0.5,258.51
8.45,0.5,258.46
8.45,0.5,258.28
8.35,0.5,257.72
8.35,0.5,256.67
8.35,0.5,255.12
8.35,0.5,253.07
8.35,0.5,250.52
8.35,0.5,247.47
8.35,0.5,243.92
8.45,0.5,257.73
8.45,0.5,256.68
8.45,0.5,255.13
8.45,0.5,253.08
8.45,0.5,250.53
8.45,0.5,247.48
8.45,0.5,243.93
8.55,0.5,260.92
8.55,0.5,260.87
8.55,0.5,260.82
8.55,0.5,260.77
8.55,0.5,260.72
8.55,0.5,260.67
8.55,0.5,260.62
8.55,0.5,260.57
8.55,0.5,260.52
8.55,0.5,260.47
8.55,0.5,260.42
8.55,0.5,260.37
8.55,0.5,260.32
8.55,0.5,260.27
8.55,0.5,260.22
8.55,0.5,260.17
8.55,0.5,260.12
8.55,0.5,260.07
8.55,0.5,260.02
8.55,0.5,259.97
8.55,0.5,259.92
8.55,0.5,259.87
8.55,0.5,259.82
8.55,0.5,259.77
8.55,0.5,259.72
8.55,0.5,259.67
8.55,0.5,259.62
8.55,0.5,259.57
8.55,0.5,259.52
8.55,0.5,259.47
8.55,0.5,259.42
8.55,0.5,259.37
8.55,0.5,259.32
8.55,0.5,259.27
8.55,0.5,259.22
8.55,0.5,259.17
8.55,0.5,259.12
8.55,0.5,259.07
8.55,0.5,259.02
8.55,0.5,258.97
8.55,0.5,258.92
8.55,0.5,258.87
8.55,0.5,258.82
8.55,0.5,258.77
8.55,0.5,258.72
8.55,0.5,258.67
8.55,0.5,258.62
8.55,0.5,258.57
8.55,0.5,258.52
8.55,0.5,258.47
8.55,0.5,258.29
8.65,0.5,260.93
8.65,0.5,260.88
8.65,0.5,260.83
8.65,0.5,260.78
8.65,0.5,260.73
8.65,0.5,260.68
8.65,0.5,260.63
8.65,0.5,260.58
8.65,0.5,260.53
8.65,0.5,260.48
8.65,0.5,260.43
8.65,0.5,260.38
8.65,0.5,260.33
8.65,0.5,260.28
8.65,0.5,260.23
8.65,0.5,260.18
8.65,0.5,260.13
8.65,0.5,260.08
8.65,0.5,260.03
8.65,0.5,259.98
8.65,0.5,259.93
8.65,0.5,259.88
8.65,0.5,259.83
8.65,0.5,259.78
8.65,0.5,259.73
8.65,0.5,259.68
8.65,0.5,259.63
8.65,0.5,259.58
8.65,0.5,259.53
8.65,0.5,259.48
8.65,0.5,259.43
8.65,0.5,259.38
8.65,0.5,259.33
8.65,0.5,259.28
8.65,0.5,259.23
8.65,0.5,259.18
8.65,0.5,259.13
8.65,0.5,259.08
8.65,0.5,259.03
8.65,0.5,258.98
8.65,0.5,258.93
8.65,0.5,258.88
8.65,0.5,258.83
8.65,0.5,258.78
8.65,0.5,258.73
8.65,0.5,258.68
8.65,0.5,258.63
8.65,0.5,258.58
8.65,0.5,258.53
8.65,0.5,258.48
8.65,0.5,258.3
8.55,0.5,257.74
8.55,0.5,256.69
8.55,0.5,255.14
8.55,0.5,253.09
8.55,0.5,250.54
8.55,0.5,247.49
8.55,0.5,243.94
8.65,0.5,257.75
8.65,0.5,256.7
8.65,0.5,255.15
8.65,0.5,253.1
8.65,0.5,250.55
8.65,0.5,247.5
8.65,0.5,243.95
8.75,0.5,260.94
8.75,0.5,260.89
8.75,0.5,260.84
8.75,0.5,260.79
8.75,0.5,260.74
8.75,0.5,260.69
8.75,0.5,260.64
8.75,0.5,260.59
8.75,0.5,260.54
8.75,0.5,260.49
8.75,0.5,260.44
8.75,0.5,260.39
8.75,0.5,260.34
8.75,0.5,260.29
8.75,0.5,260.24
8.75,0.5,260.19
8.75,0.5,260.14
8.75,0.5,260.09
8.75,0.5,260.04
8.75,0.5,259.99
8.75,0.5,259.94
8.75,0.5,259.89
8.75,0.5,259.84
8.75,0.5,259.79
8.75,0.5,259.74
8.75,0.5,259.69
8.75,0.5,259.64
8.75,0.5,259.59
8.75,0.5,259.54
8.75,0.5,259.49
8.75,0.5,259.44
8.75,0.5,259.39
8.75,0.5,259.34
8.75,0.5,259.29
8.75,0.5,259.24
8.75,0.5,259.19
8.75,0.5,259.14
8.75,0.5,259.09
8.75,0.5,259.04
8.75,0.5,258.99
8.75,0.5,258.94
8.75,0.5,258.89
8.75,0.5,258.84
8.75,0.5,258.79
8.75,0.5,258.74
8.75,0.5,258.69
8.75,0.5,258.64
8.75,0.5,258.59
8.75,0.5,258.54
8.75,0.5,258.49
8.75,0.5,258.31
8.85,0.5,260.95
8.85,0.5,260.9
8.85,0.5,260.85
8.85,0.5,260.8
8.85,0.5,260.75
8.85,0.5,260.7
8.85,0.5,260.65
8.85,0.5,260.6
8.85,0.5,260.55
8.85,0.5,260.5
8.85,0.5,260.45
8.85,0.5,260.4
8.85,0.5,260.35
8.85,0.5,260.3
8.85,0.5,260.25
8.85,0.5,260.2
8.85,0.5,260.15
8.85,0.5,260.1
8.85,0.5,260.05
8.85,0.5,260
8.85,0.5,259.95
8.85,0.5,259.9
8.85,0.5,259.85
8.85,0.5,259.8
8.85,0.5,259.75
8.85,0.5,259.7
8.85,0.5,259.65
8.85,0.5,259.6
8.85,0.5,259.55
8.85,0.5,259.5
8.85,0.5,259.45
8.85,0.5,259.4
8.85,0.5,259.35
8.85,0.5,259.3
8.85,0.5,259.25
8.85,0.5,259.2
8.85,0.5,259.15
8.85,0.5,259.1
8.85,0.5,259.05
8.85,0.5,259
8.85,0.5,258.95
8.85,0.5,258.9
8.85,0.5,258.85
8.85,0.5,258.8
8.85,0.5,258.75
8.85,0.5,258.7
8.85,0.5,258.65
8.85,0.5,258.6
8.85,0.5,258.55
8.85,0.5,258.5
8.85,0.5,258.32
8.75,0.5,257.76
8.75,0.5,256.71
8.75,0.5,255.16
8.75,0.5,253.11
8.75,0.5,250.56
8.75,0.5,247.51
8.75,0.5,243.96
8.85,0.5,257.77
8.85,0.5,256.72
8.85,0.5,255.17
8.85,0.5,253.12
8.85,0.5,250.57
8.85,0.5,247.52
8.85,0.5,243.97
8.95,0.5,260.95
8.95,0.5,260.9
8.95,0.5,260.85
8.95,0.5,260.8
8.95,0.5,260.75
8.95,0.5,260.7
8.95,0.5,260.65
8.95,0.5,260.6
8.95,0.5,260.55
8.95,0.5,260.5
8.95,0.5,260.45
8.95,0.5,260.4
8.95,0.5,260.35
8.95,0.5,260.3
8.95,0.5,260.25
8.95,0.5,260.2
8.95,0.5,260.15
8.95,0.5,260.1
8.95,0.5,260.05
8.95,0.5,260
8.95,0.5,259.95
8.95,0.5,259.9
8.95,0.5,259.85
8.95,0.5,259.8
8.95,0.5,259.75
8.95,0.5,259.7
8.95,0.5,259.65
8.95,0.5,259.6
8.95,0.5,259.55
8.95,0.5,259.5
8.95,0.5,259.45
8.95,0.5,259.4
8.95,0.5,259.35
8.95,0.5,259.3
8.95,0.5,259.25
8.95,0.5,259.2
8.95,0.5,259.15
8.95,0.5,259.1
8.95,0.5,259.05
8.95,0.5,259
8.95,0.5,258.95
8.95,0.5,258.9
8.95,0.5,258.85
8.95,0.5,258.8
8.95,0.5,258.75
8.95,0.5,258.7
8.95,0.5,258.65
8.95,0.5,258.6
8.95,0.5,258.55
8.95,0.5,258.5
8.95,0.5,258.33
9.05,0.5,260.96
9.05,0.5,260.91
9.05,0.5,260.86
9.05,0.5,260.81
9.05,0.5,260.76
9.05,0.5,260.71
9.05,0.5,260.66
9.05,0.5,260.61
9.05,0.5,260.56
9.05,0.5,260.51
9.05,0.5,260.46
9.05,0.5,260.41
9.05,0.5,260.36
9.05,0.5,260.31
9.05,0.5,260.26
9.05,0.5,260.21
9.05,0.5,260.16
9.05,0.5,260.11
9.05,0.5,260.06
9.05,0.5,260.01
9.05,0.5,259.96
9.05,0.5,259.91
9.05,0.5,259.86
9.05,0.5,259.81
9.05,0.5,259.76
9.05,0.5,259.71
9.05,0.5,259.66
9.05,0.5,259.61
9.05,0.5,259.56
9.05,0.5,259.51
9.05,0.5,259.46
9.05,0.5,259.41
9.05,0.5,259.36
9.05,0.5,259.31
9.05,0.5,259.26
9.05,0.5,259.21
9.05,0.5,259.16
9.05,0.5,259.11
9.05,0.5,259.06
9.05,0.5,259.01
9.05,0.5,258.96
9.05,0.5,258.91
9.05,0.5,258.86
9.05,0.5,258.81
9.05,0.5,258.76
9.05,0.5,258.71
9.05,0.5,258.66
9.05,0.5,258.61
9.05,0.5,258.56
9.05,0.5,258.51
9.05,0.5,258.34
8.95,0.5,257.78
8.95,0.5,256.73
8.95,0.5,255.18
8.95,0.5,253.13
8.95,0.5,250.58
8.95,0.5,247.53
8.95,0.5,243.98
9.05,0.5,257.79
9.05,0.5,256.74
9.05,0.5,255.19
9.05,0.5,253.14
9.05,0.5,250.59
9.05,0.5,247.54
9.05,0.5,243.99
9.15,0.5,260.97
9.15,0.5,260.92
9.15,0.5,260.87
9.15,0.5,260.82
9.15,0.5,260.77
9.15,0.5,260.72
9.15,0.5,260.67
9.15,0.5,260.62
9.15,0.5,260.57
9.15,0.5,260.52
9.15,0.5,260.47
9.15,0.5,260.42
9.15,0.5,260.37
9.15,0.5,260.32
9.15,0.5,260.27
9.15,0.5,260.22
9.15,0.5,260.17
9.15,0.5,260.12
9.15,0.5,260.07
9.15,0.5,260.02
9.15,0.5,259.97
9.15,0.5,259.92
9.15,0.5,259.87
9.15,0.5,259.82
9.15,0.5,259.77
9.15,0.5,259.72
9.15,0.5,259.67
9.15,0.5,259.62
9.15,0.5,259.57
9.15,0.5,259.52
9.15,0.5,259.47
9.15,0.5,259.42
9.15,0.5,259.37
9.15,0.5,259.32
9.15,0.5,259.27
9.15,0.5,259.22
9.15,0.5,259.17
9.15,0.5,259.12
9.15,0.5,259.07
9.15,0.5,259.02
9.15,0.5,258.97
9.15,0.5,258.92
9.15,0.5,258.87
9.15,0.5,258.82
9.15,0.5,258.77
9.15,0.5,258.72
9.15,0.5,258.67
9.15,0.5,258.62
9.15,0.5,258.57
9.15,0.5,258.52
9.15,0.5,258.34
9.25,0.5,260.97
9.25,0.5,260.92
9.25,0.5,260.87
9.25,0.5,260.82
9.25,0.5,260.77
9.25,0.5,260.72
9.25,0.5,260.67
9.25,0.5,260.62
9.25,0.5,260.57
9.25,0.5,260.52
9.25,0.5,260.47
9.25,0.5,260.42
9.25,0.5,260.37
9.25,0.5,260.32
9.25,0.5,260.27
9.25,0.5,260.22
9.25,0.5,260.17
9.25,0.5,260.12
9.25,0.5,260.07
9.25,0.5,260.02
9.25,0.5,259.97
9.25,0.5,259.92
9.25,0.5,259.87
9.25,0.5,259.82
9.25,0.5,259.77
9.25,0.5,259.72
9.25,0.5,259.67
9.25,0.5,259.62
9.25,0.5,259.57
9.25,0.5,259.52
9.25,0.5,259.47
9.25,0.5,259.42
9.25,0.5,259.37
9.25,0.5,259.32
9.25,0.5,259.27
9.25,0.5,259.22
9.25,0.5,259.17
9.25,0.5,259.12
9.25,0.5,259.07
9.25,0.5,259.02
9.25,0.5,258.97
9.25,0.5,258.92
9.25,0.5,258.87
9.25,0.5,258.82
9.25,0.5,258.77
9.25,0.5,258.72
9.25,0.5,258.67
9.25,0.5,258.62
9.25,0.5,258.57
9.25,0.5,258.52
9.25,0.5,258.35
9.15,0.5,257.79
9.15,0.5,256.74
9.15,0.5,255.19
9.15,0.5,253.14
9.15,0.5,250.59
9.15,0.5,247.54
9.15,0.5,243.99
9.25,0.5,257.8
9.25,0.5,256.75
9.25,0.5,255.2
9.25,0.5,253.15
9.25,0.5,250.6
9.25,0.5,247.55
9.25,0.5,244
9.35,0.5,260.98
9.35,0.5,260.93
9.35,0.5,260.88
9.35,0.5,260.83
9.35,0.5,260.78
9.35,0.5,260.73
9.35,0.5,260.68
9.35,0.5,260.63
9.35,0.5,260.58
9.35,0.5,260.53
9.35,0.5,260.48
9.35,0.5,260.43
9.35,0.5,260.38
9.35,0.5,260.33
9.35,0.5,260.28
9.35,0.5,260.23
9.35,0.5,260.18
9.35,0.5,260.13
9.35,0.5,260.08
9.35,0.5,260.03
9.35,0.5,259.98
9.35,0.5,259.93
9.35,0.5,259.88
9.35,0.5,259.83
9.35,0.5,259.78
9.35,0.5,259.73
9.35,0.5,259.68
9.35,0.5,259.63
9.35,0.5,259.58
9.35,0.5,259.53
9.35,0.5,259.48
9.35,0.5,259.43
9.35,0.5,259.38
9.35,0.5,259.33
9.35,0.5,259.28
9.35,0.5,259.23
9.35,0.5,259.18
9.35,0.5,259.13
9.35,0.5,259.08
9.35,0.5,259.03
9.35,0.5,258.98
9.35,0.5,258.93
9.35,0.5,258.88
9.35,0.5,258.83
9.35,0.5,258.78
9.35,0.5,258.73
9.35,0.5,258.68
9.35,0.5,258.63
9.35,0.5,258.58
9.35,0.5,258.53
9.35,0.5,258.36
9.45,0.5,260.99
9.45,0.5,260.94
9.45,0.5,260.89
9.45,0.5,260.84
9.45,0.5,260.79
9.45,0.5,260.74
9.45,0.5,260.69
9.45,0.5,260.64
9.45,0.5,260.59
9.45,0.5,260.54
9.45,0.5,260.49
9.45,0.5,260.44
9.45,0.5,260.39
9.45,0.5,260.34
9.45,0.5,260.29
9.45,0.5,260.24
9.45,0.5,260.19
9.45,0.5,260.14
9.45,0.5,260.09
9.45,0.5,260.04
9.45,0.5,259.99
9.45,0.5,259.94
9.45,0.5,259.89
9.45,0.5,259.84
9.45,0.5,259.79
9.45,0.5,259.74
9.45,0.5,259.69
9.45,0.5,259.64
9.45,0.5,259.59
9.45,0.5,259.54
9.45,0.5,259.49
9.45,0.5,259.44
9.45,0.5,259.39
9.45,0.5,259.34
9.45,0.5,259.29
9.45,0.5,259.24
9.45,0.5,259.19
9.45,0.5,259.14
9.45,0.5,259.09
9.45,0.5,259.04
9.45,0.5,258.99
9.45,0.5,258.94
9.45,0.5,258.89
9.45,0.5,258.84
9.45,0.5,258.79
9.45,0.5,258.74
9.45,0.5,258.69
9.45,0.5,258.64
9.45,0.5,258.59
9.45,0.5,258.54
9.45,0.5,258.36
9.35,0.5,257.81
9.35,0.5,256.76
9.35,0.5,255.21
9.35,0.5,253.16
9.35,0.5,250.61
9.35,0.5,247.56
9.35,0.5,244.01
9.45,0.5,257.81
9.45,0.5,256.76
9.45,0.5,255.21
9.45,0.5,253.16
9.45,0.5,250.61
9.45,0.5,247.56
9.45,0.5,244.01
9.55,0.5,260.99
9.55,0.5,260.94
9.55,0.5,260.89
9.55,0.5,260.84
9.55,0.5,260.79
9.55,0.5,260.74
9.55,0.5,260.69
9.55,0.5,260.64
9.55,0.5,260.59
9.55,0.5,260.54
9.55,0.5,260.49
9.55,0.5,260.44
9.55,0.5,260.39
9.55,0.5,260.34
9.55,0.5,260.29
9.55,0.5,260.24
9.55,0.5,260.19
9.55,0.5,260.14
9.55,0.5,260.09
9.55,0.5,260.04
9.55,0.5,259.99
9.55,0.5,259.94
9.55,0.5,259.89
9.55,0.5,259.84
9.55,0.5,259.79
9.55,0.5,259.74
9.55,0.5,259.69
9.55,0.5,259.64
9.55,0.5,259.59
9.55,0.5,259.54
9.55,0.5,259.49
9.55,0.5,259.44
9.55,0.5,259.39
9.55,0.5,259.34
9.55,0.5,259.29
9.55,0.5,259.24
9.55,0.5,259.19
9.55,0.5,259.14
9.55,0.5,259.09
9.55,0.5,259.04
9.55,0.5,258.99
9.55,0.5,258.94
9.55,0.5,258.89
9.55,0.5,258.84
9.55,0.5,258.79
9.55,0.5,258.74
9.55,0.5,258.69
9.55,0.5,258.64
9.55,0.5,258.59
9.55,0.5,258.54
9.55,0.5,258.37
9.65,0.5,261
9.65,0.5,260.95
9.65,0.5,260.9
9.65,0.5,260.85
9.65,0.5,260.8
9.65,0.5,260.75
9.65,0.5,260.7
9.65,0.5,260.65
9.65,0.5,260.6
9.65,0.5,260.55
9.65,0.5,260.5
9.65,0.5,260.45
9.65,0.5,260.4
9.65,0.5,260.35
9.65,0.5,260.3
9.65,0.5,260.25
9.65,0.5,260.2
9.65,0.5,260.15
9.65,0.5,260.1
9.65,0.5,260.05
9.65,0.5,260
9.65,0.5,259.95
9.65,0.5,259.9
9.65,0.5,259.85
9.65,0.5,259.8
9.65,0.5,259.75
9.65,0.5,259.7
9.65,0.5,259.65
9.65,0.5,259.6
9.65,0.5,259.55
9.65,0.5,259.5
9.65,0.5,259.45
9.65,0.5,259.4
9.65,0.5,259.35
9.65,0.5,259.3
9.65,0.5,259.25
9.65,0.5,259.2
9.65,0.5,259.15
9.65,0.5,259.1
9.65,0.5,259.05
9.65,0.5,259
9.65,0.5,258.95
9.65,0.5,258.9
9.65,0.5,258.85
9.65,0.5,258.8
9.65,0.5,258.75
9.65,0.5,258.7
9.65,0.5,258.65
9.65,0.5,258.6
9.65,0.5,258.55
9.65,0.5,258.38
9.55,0.5,257.82
9.55,0.5,256.77
9.55,0.5,255.22
9.55,0.5,253.17
9.55,0.5,250.62
9.55,0.5,247.57
9.55,0.5,244.02
9.65,0.5,257.83
9.65,0.5,256.78
9.65,0.5,255.23
9.65,0.5,253.18
9.65,0.5,250.63
9.65,0.5,247.58
9.65,0.5,244.03
9.75,0.5,261.01
9.75,0.5,260.96
9.75,0.5,260.91
9.75,0.5,260.86
9.75,0.5,260.81
9.75,0.5,260.76
9.75,0.5,260.71
9.75,0.5,260.66
9.75,0.5,260.61
9.75,0.5,260.56
9.75,0.5,260.51
9.75,0.5,260.46
9.75,0.5,260.41
9.75,0.5,260.36
9.75,0.5,260.31
9.75,0.5,260.26
9.75,0.5,260.21
9.75,0.5,260.16
9.75,0.5,260.11
9.75,0.5,260.06
9.75,0.5,260.01
9.75,0.5,259.96
9.75,0.5,259.91
9.75,0.5,259.86
9.75,0.5,259.81
9.75,0.5,259.76
9.75,0.5,259.71
9.75,0.5,259.66
9.75,0.5,259.61
9.75,0.5,259.56
9.75,0.5,259.51
9.75,0.5,259.46
9.75,0.5,259.41
9.75,0.5,259.36
9.75,0.5,259.31
9.75,0.5,259.26
9.75,0.5,259.21
9.75,0.5,259.16
9.75,0.5,259.11
9.75,0.5,259.06
9.75,0.5,259.01
9.75,0.5,258.96
9.75,0.5,258.91
9.75,0.5,258.86
9.75,0.5,258.81
9.75,0.5,258.76
9.75,0.5,258.71
9.75,0.5,258.66
9.75,0.5,258.61
9.75,0.5,258.56
9.75,0.5,258.38
9.85,0.5,261.01
9.85,0.5,260.96
9.85,0.5,260.91
9.85,0.5,260.86
9.85,0.5,260.81
9.85,0.5,260.76
9.85,0.5,260.71
9.85,0.5,260.66
9.85,0.5,260.61
9.85,0.5,260.56
9.85,0.5,260.51
9.85,0.5,260.46
9.85,0.5,260.41
9.85,0.5,260.36
9.85,0.5,260.31
9.85,0.5,260.26
9.85,0.5,260.21
9.85,0.5,260.16
9.85,0.5,260.11
9.85,0.5,260.06
9.85,0.5,260.01
9.85,0.5,259.96
9.85,0.5,259.91
9.85,0.5,259.86
9.85,0.5,259.81
9.85,0.5,259.76
9.85,0.5,259.71
9.85,0.5,259.66
9.85,0.5,259.61
9.85,0.5,259.56
9.85,0.5,259.51
9.85,0.5,259.46
9.85,0.5,259.41
9.85,0.5,259.36
9.85,0.5,259.31
9.85,0.5,259.26
9.85,0.5,259.21
9.85,0.5,259.16
9.85,0.5,259.11
9.85,0.5,259.06
9.85,0.5,259.01
9.85,0.5,258.96
9.85,0.5,258.91
9.85,0.5,258.86
9.85,0.5,258.81
9.85,0.5,258.76
9.85,0.5,258.71
9.85,0.5,258.66
9.85,0.5,258.61
9.85,0.5,258.56
9.85,0.5,258.39
9.75,0.5,257.83
9.75,0.5,256.78
9.75,0.5,255.23
9.75,0.5,253.18
9.75,0.5,250.63
9.75,0.5,247.58
9.75,0.5,244.03
9.85,0.5,257.84
9.85,0.5,256.79
9.85,0.5,255.24
9.85,0.5,253.19
9.85,0.5,250.64
9.85,0.5,247.59
9.85,0.5,244.04
